头实体,关系,尾实体
查尔斯·阿兰基斯,出生地,圣地亚哥
查尔斯·阿兰基斯,出生日期,1989年4月17日
离开,歌手,张宇
离开,作曲,张宇
愤怒的唐僧,出品公司,北京吴意波影视文化工作室
愤怒的唐僧,导演,吴意波
李治,妻子,萧淑妃
萧淑妃,丈夫,李治
工业4.0,作者,恩斯特·安德雷亚斯·哈特曼
工业4.0,作者,阿尔冯斯·波特霍夫
工业4.0,出版社,机械工业出版社
周佛海,妻子,杨淑慧
杨淑慧,丈夫,周佛海
李烈钧自述,作者,李烈钧
李烈钧自述,出版社,人民日报出版社
少年包青天,主演,李冰冰
马志舟,国籍,中国
马志舟,出生日期,1907年
马志舟,民族,汉族
马志舟,出生地,陕西三原
斑刺莺,目,雀形目
课本上学不到的生物学2,出版社,上海科技教育出版社
南京京九思新能源有限公司,成立日期,2015年05月15日
朱明宏,民族,汉族
朱明宏,出生地,浙江义乌
朱明宏,出生日期,1968年6月
田承冉,出生地,山东桓台
田承冉,民族,汉族
田承冉,出生日期,1952年
深夜烘焙坊,主演,泷泽秀明
深夜烘焙坊,主演,桐山照史
深夜烘焙坊,主演,土屋太凤
星空黑夜传奇,连载网站,起点中文网
星空黑夜传奇,作者,啤酒的罪孽
Chanda Mushili,国籍,赞比亚
神奇化妆师,所属专辑,《？》
神奇化妆师,歌手,陈奕迅
莫迪博·迪亚基特,出生日期,1987年3月2日
莫迪博·迪亚基特,出生地,赖恩堡
莫迪博·迪亚基特,身高,192cm
冰山上的来客,主演,努尔比亚
冰山上的来客,主演,王洛勇
冰山上的来客,导演,戴冰
冰山上的来客,主演,于荣光
心理罪,作者,雷米
布丹,国籍,法国
布丹,出生日期,1824年
森林报-秋,作者,维·比安基
森林报-秋,出版社,二十一世纪出版社
我的父亲我的兵,主演,张一山
心理罪,主演,陈若轩
心理罪,主演,王泷正
心理罪,编剧,顾小白
心理罪,导演,五百
心理罪,主演,付枚
心理罪,主演,温心
李素节,母亲,萧淑妃
咪咪找妈妈,编剧,贺梦凡
咪咪找妈妈,导演,贺梦凡
健行天下：带上一本健康的书去出行,出版社,人民军医出版社
健行天下：带上一本健康的书去出行,作者,秦惠基
东边日出西边雨,主演,许晴
马红宝,民族,汉族
马红宝,国籍,中国
马红宝,出生地,浙江省长兴
马红宝,出生日期,1949年8月
吕雅娟,毕业院校,哈尔滨工业大学
小王子,主演,たてかべ和也
小王子,导演,神田武幸
小王子,主演,松尾佳子
你的嘴,所属专辑,星月神话
你的嘴,作词,许嵩
你的嘴,作曲,许嵩
你的嘴,歌手,金莎
蛤蟆的油,作者,黑泽明
红地球葡萄栽培技术问答,出版社,天津科技翻译出版公司
苻坚,出生日期,338年
苻坚,字,文玉
苻坚,出生地,略阳临渭
苻坚,民族,氐族
夜半歌声,主演,黄磊
滑板战士,导演,虎田功
滑板战士,出品公司,Studio DEEN NAS TV Tokyo
大明按察使,导演,黄克敏
大明按察使,主演,丁勇岱
大明按察使,主演,姚橹
大明按察使,主演,杨旸
韦爱萍,民族,汉族
韦爱萍,毕业院校,西北大学
焦作市河阳酒精实业有限公司,成立日期,2001年2月23日
我的麻烦老友,导演,叶伟英
李白,丈夫,撒贝宁
撒贝宁,妻子,李白
张书文,出生日期,1964年3月
张书文,出生地,湖北随州广水市
张书文,民族,汉族
茧蜂,目,膜翅目
夏振锟,出生地,江苏省连云港
夏振锟,毕业院校,苏州农业大学
雅虎,创始人,杨致远
李白,号,青莲居士
李白,朝代,唐朝
李白,字,太白
卷珠帘,歌手,霍尊
李欣,毕业院校,东京海洋大学
蔡长风,出生地,江西
蔡长风,出生日期,1910
下班抓紧谈恋爱,导演,万洋
下班抓紧谈恋爱,主演,杜海涛
下班抓紧谈恋爱,主演,朱雨辰
下班抓紧谈恋爱,出品公司,上海强胜影视
下班抓紧谈恋爱,出品公司,万达影视传媒
下班抓紧谈恋爱,主演,杨淇
下班抓紧谈恋爱,主演,徐黄丽
贺捷生,国籍,中国
贺捷生,出生日期,1935年11月1日
贺捷生,父亲,贺龙
贺捷生,出生地,湖南省桑植县
跟着贝尔去冒险,嘉宾,谢天华
跟着贝尔去冒险,嘉宾,白敬亭
跟着贝尔去冒险,嘉宾,张丹峰
跟着贝尔去冒险,嘉宾,吴倩
跟着贝尔去冒险,嘉宾,张钧甯
跟着贝尔去冒险,嘉宾,韩雪
一个和八个,导演,张军钊
神之水滴,上映时间,2009年1月13日
神之水滴,出品公司,日本电视台
这个杀手不太冷,上映时间,1994年
桃李春风,导演,吴家骧
大医院小医师,作者,侯文咏
男人有泪,歌手,萧煌奇
男人有泪,所属专辑,好好先生
中国姓氏大辞典,出版社,江西人民出版社
中国姓氏大辞典,作者,袁义达
中国姓氏大辞典,作者,邱家儒
神雕侠侣,主演,陈妍希
新不了情,作词,黄郁
刘恺威,妻子,杨幂
杨幂,丈夫,刘恺威
刺跗逍遥蛛,目,蜘蛛目
黄兴兰,毕业院校,四川医学院
名画的创造者,作者,许延风
名画的创造者,出版社,中国工人出版社
Amrane,国籍,阿尔及利亚
东邪西毒,主演,张曼玉
四面楚歌,歌手,谢安琪
四面楚歌,所属专辑,最好的时刻2006-2012
阿梅素,国籍,加纳
阿梅素,身高,171cm
阿梅素,出生日期,1980年11月22日
末世重生之肖文,连载网站,17k小说网
末世重生之肖文,作者,那时的年华
任子行,成立日期,2000年5月
杨维桢,出生日期,1296
杨维桢,朝代,元末明初
17,歌手,艾薇儿
17,所属专辑,《Avril Lavigne》
艾薇儿,国籍,加拿大
肌肤的纹理,导演,李成康
秦古论坛,成立日期,2009年9月9日
汪景宽,出生日期,1963
汪景宽,民族,满族
汪景宽,出生地,辽宁省凤城
付成双,出生地,山东省滨州市惠民县
付成双,出生日期,1970年
柿蒂虫,目,鳞翅目
还要,歌手,高进
还要,作曲,高进
程天豹,毕业院校,中南大学
锯蝇,目,膜翅目
唐赛儿,作者,刘凤海
唐赛儿,出版社,大众文艺出版社
修仙路上劫个色,连载网站,纵横中文网
修仙路上劫个色,作者,羽毛扇
王饭包,出生日期,1901
王饭包,出生地,福建省寿宁县竹管垄乡刘坪村
尼林,身高,180cm
尼林,国籍,巴西
尼林,出生日期,1986年9月20日
中山陵,所在城市,南京
金一宁,出生日期,1972年2月
金一宁,毕业院校,哈尔滨商业大学
穿越之进击的绅士,作者,便前洗手
穿越之进击的绅士,连载网站,起点网
只要地球还有女人,所属专辑,爱妻号
酷男的主妇之路,出版社,远流出版公司
露盾角蝉,目,同翅目
白衣方振眉,主演,黄圣依
与敌同行,主演,蒙嘉慧
与敌同行,导演,王心慰
与敌同行,主演,郭晋安
与敌同行,出品公司,香港电视广播有限公司
与敌同行,主演,郑嘉颖
程虹,丈夫,李克强
程虹,国籍,中国
李克强,妻子,程虹
李克强,国籍,中国
幽灵行动,编剧,汤姆·克兰西
幽灵行动,导演,迈克尔·贝
幽灵行动,上映时间,2017
尸者的帝国,导演,牧原亮太郎
湖北民发电力建设工程有限公司,成立日期,2013年10月11日
杨力革,出生日期,1966年4月
杨力革,民族,汉族
杨力革,出生地,湖南益阳
六鬼门,连载网站,17k小说网
六鬼门,作者,木子影文
潍坊顺达时空电子科技有限公司,成立日期,2004年
党震,国籍,中国
恩和加力根,民族,蒙古族
恩和加力根,出生日期,1960年7月
战·无双,主演,蒋璐霞
战·无双,导演,熊欣欣
战·无双,主演,李灿森
中学语文教学建模,作者,伊道恩
中学语文教学建模,出版社,广西教育出版社
刑法学的向度,作者,周光权
刑法学的向度,出版社,中国政法大学出版社
无上神尊,连载网站,掌阅小说网
尼科斯,出生日期,1984年6月24日
尼科斯,国籍,塞浦路斯
尼科斯,身高,182cm
小突微玛蛛,目,蜘蛛目
保险合同,出版社,中国民主法制出版社
保险合同,作者,王成军
日皇海兔螺,目,中腹足目
虎子,母亲,倪萍
旭蟹,目,十足目
蛙蟹,目,十足目
时光正好,歌手,郁可唯
时光正好,作曲,金大洲
时光正好,作词,唐恬
西安密战,出品公司,西部电影集团
黄炳华,出生日期,1938年
黄炳华,毕业院校,浙江大学
黄炳华,出生地,浙江诸暨
深圳简繁设计有限公司,成立日期,2013年
云南原准商贸有限公司,成立日期,2015年1月8日
外国当代剧作选,出版社,中国戏剧出版社
还在你身后,作曲,刘力豪
还在你身后,歌手,刘力豪
还在你身后,作词,刘力豪
申德振,出生地,辽宁省铁岭市
申德振,出生日期,1959年9月
申德振,民族,汉族
卢霍山,海拔,100米
蝶鱼科,目,鲈形目
不再傲,歌手,曾航生
不再傲,所属专辑,想念你
杨广,父亲,杨坚
赵澜,毕业院校,复旦大学
妄想,作词,林夕
妄想,作曲,唐奕聪
妄想,歌手,张国荣
编写测试平台,作者,伯杰龙
编写测试平台,出版社,电子工业出版社
侯云凌,毕业院校,武汉同济医科大学
江农,民族,汉族
江里程,毕业院校,镇江农机学院
江里程,民族,汉族
江里程,国籍,中国
江里程,出生地,浙江宁波
超越自由与尊严,出版社,贵州人民出版社
超越自由与尊严,作者,斯金纳
宋侃夫,出生地,江西萍乡
贵州省兴义市第八中学,简称,兴义八中
西游记,出品公司,TVB
西游记,主演,张卫健
雷爱祖牡丹集,作者,雷爱祖
雷爱祖牡丹集,出版社,广西美术出版社
王镛,国籍,中国
徐海,出生地,北京
徐海,毕业院校,中央美术学院
徐海,出生日期,1969年
股票分析指标大全,作者,张泽宇
股票分析指标大全,出版社,中国经济
张泽宇,国籍,中国
杨福东,国籍,中国
语言·小班,出版社,南京师范大学出版社
语言·小班,作者,周兢
司马岳,出生日期,322年
司马衍,母亲,庾文君
司马衍,朝代,东晋
司马衍,父亲,司马绍
晋成帝,父亲,司马绍
哈尔滨文化旅游集团,注册资本,5亿元人民币
黄主文,出生地,台湾省桃园县
黄主文,毕业院校,台湾大学
黄主文,出生日期,1941年8月20日
我的超人,作曲,崔迪
我的超人,作词,林怡
我的超人,歌手,金莎
我的超人,所属专辑,换季
小姨多鹤,导演,安建
北风那个吹,导演,安建
邱鸿理,毕业院校,中南工业大学
邱鸿理,国籍,中国
王凡恩,出生日期,1969年
王凡恩,出生地,河南民权
邓颖超,丈夫,周恩来
周恩来,妻子,邓颖超
邱宏光,毕业院校,武汉大学
邱宏光,出生地,湖北新洲
邱宏光,出生日期,1972年5月
西厢记,作者,王实甫
西厢记,编剧,王实甫
唯一视觉婚纱摄影（厦门）有限公司,成立日期,2015年8月18日
张学良,父亲,张作霖
嘻哈人生,作曲,小煜
嘻哈人生,作曲,敖犬
嘻哈人生,作词,陈信延
嘻哈人生,歌手,LOLLIPOP F
刘智,出生地,南京
刘智,民族,回族
刘智,出生日期,1669
陈四清,国籍,中国
诸神公敌,连载网站,17k小说网
诸神公敌,作者,两刀流
徐雷,民族,汉族
徐雷,出生日期,1974年5月
徐雷,出生地,上海市
铁咀鸡与扭纹柴,出品公司,香港亚洲电视
中共中央文件选集,出版社,中共中央党校出版社
广州建软软件技术有限公司,成立日期,2004年
回到被爱的每一天,导演,何平
金牌杀手妃,作者,秋水问情
金牌杀手妃,连载网站,小说阅读网
战神连盟,作者,低谷的小雨
战神连盟,连载网站,17k小说网
细说光武帝,出版社,上海人民出版社
细说光武帝,作者,颜晨华
别逼我结婚,主演,高露
别逼我结婚,导演,李牧歌
别逼我结婚,主演,凌潇肃
别逼我结婚,主演,朱雨辰
别逼我结婚,主演,车晓
桑童,毕业院校,山东工艺美术学院
桑童,民族,汉族
桑童,出生日期,1981年6月
家朱雀,目,雀形目
全新大学英语词汇星火式巧记·速记·精练1-6级,出版社,新华出版
甄嬛传,主演,孙俪
惊骇库蚊,目,双翅目
蚊科,目,双翅目
我的歌声里,歌手,曲婉婷
张四维,出生地,蒲州风陵乡
张四维,字,子维
张四维,出生日期,1526
张四维,号,凤磐
柔情主义,歌手,齐秦
外面的世界,歌手,齐秦
外面的世界,作曲,齐秦
外面的世界,作词,齐秦
鹿角柱属,目,石竹目
宫心计·媚倾天下,作者,莫语绢
宫心计·媚倾天下,出版社,花山文艺出版社有限责任公司
柜中美人,主演,韩栋
柜中美人,主演,李彧
胭脂醉,作者,水合
柜中美人,主演,胡冰卿
柜中美人,主演,梁婧娴
柜中美人,主演,周渝民
柜中美人,导演,黄肖英
柜中美人,出品公司,唐人影视
柜中美人,导演,徐惠康
柜中美人,主演,陈若轩
柜中美人,主演,陈瑶
柜中美人,导演,李公乐
柜中美人,主演,左小青
柜中美人,主演,宋楠惜
柜中美人,改编自,胭脂醉
方肥螋,目,革翅目
爱在日出,作者,悠游小猪
爱在日出,连载网站,云中书城
王嘉瑞,国籍,中国
卡勒瓦拉（上下册）,作者,隆洛德
卡勒瓦拉（上下册）,出版社,人民文学出版社
张柏芝,出生地,中国香港
张柏芝,出生日期,1980年
张柏芝,出生日期,1980年5月24日
张柏芝,国籍,中国
张柏芝,毕业院校,澳大利亚Rmit Holmes College
社会科学统计方法,出版社,电子工业出版社
任长方,出生日期,1930年
郭晶晶,父亲,郭树忠
郭晶晶,母亲,范玉梅
范玉梅,丈夫,郭树忠
郭树忠,妻子,范玉梅
冷家骥,字,展麒
冷家骥,出生地,山东招远
人生长路,所属专辑,男人的爱
人生长路,作曲,李泉
人生长路,作词,李泉
人生长路,歌手,刘德华
毛保祥,民族,汉族
毛保祥,毕业院校,云南省委党校
毛保祥,国籍,中国
毛保祥,出生地,云南宁洱
毛保祥,出生日期,1960年5月
李庭桂,民族,汉族
李庭桂,出生地,河北藁城
李庭桂,出生日期,1914年
不怕贼惦记,主演,吴刚
不怕贼惦记,导演,许传海
吴刚,国籍,中国
不怕贼惦记,主演,张馨予
不怕贼惦记,编剧,许传海
不怕贼惦记,上映时间,2011年12月9日
不怕贼惦记,主演,岳秀清
不怕贼惦记,主演,应采儿
铁嘴银牙,主演,佘诗曼
铁嘴银牙,主演,谢天华
铁嘴银牙,编剧,罗宗耀
铁嘴银牙,主演,陈小春
铁嘴银牙,编剧,梁恩东
铁嘴银牙,导演,唐基明
情诗百首,出版社,安徽文艺出版社
情诗百首,作者,凌敏
我不要黑道男友,连载网站,17k小说网
我不要黑道男友,作者,艾柔
王纪兴,出生日期,1927年3月
王纪兴,出生地,河北定州
爱疯头,歌手,罗志祥
爱疯头,所属专辑,罗生门
第一汽车制造厂,成立日期,1953年
渡风,作曲,百慕三石
渡风,作曲,刘珂矣
渡风,歌手,刘珂矣
渡风,作词,刘珂矣
变形美术字书写技法,作者,朱琳珺
变形美术字书写技法,出版社,上海科学普及出版社
物业经营管理,出版社,中国工人出版社
苏北中学,占地面积,56566㎡
邪王独宠俏皮妃,连载网站,17K小说网
邪王独宠俏皮妃,作者,慧忆
王诗龄,母亲,李湘
对话,歌手,赖伟锋
对话,所属专辑,最差不过是孤独
吴冰,母亲,冰心
抱读为养,出版社,安徽教育出版社
抱读为养,作者,谢有顺
陈俊龙,国籍,中国
来的都是客,主演,赵本山
现世活宝,主演,赵本山
现世活宝,上映时间,1990年
一路繁花相送,主演,钟汉良
年轻时代,歌手,郑智化
水手,歌手,郑智化
西游记,导演,杨洁
异世传道,作者,剑圣辉
千古英雄绝命辞,出版社,团结出版社
千古英雄绝命辞,作者,姜烁
霸道总裁你是我的女人,连载网站,17k小说网
霸道总裁你是我的女人,作者,后街猫
就是孙悟空,作曲,金培达
就是孙悟空,歌手,郭富城
就是孙悟空,作词,梁美薇
施隆壮,出生地,浙江
施隆壮,出生日期,1950年1月
虎啸龙吟,主演,吴秀波
龙珠传,作者,叶子的方向
龙珠传,连载网站,起点中文网
清代宫廷故事,作者,李阳
清代宫廷故事,出版社,陕西旅游出版社
清代宫廷故事,作者,王金华
清代宫廷故事,作者,李智
洋葱,歌手,王源
还来得及再爱你,导演,方俊华
还来得及再爱你,主演,卫诗雅
还来得及再爱你,主演,尹子维
还来得及再爱你,主演,姚乐怡
还来得及再爱你,主演,唐禹哲
定居唐朝,连载网站,网易云阅读
语文新课标必读经典·世界上的著名战役,作者,李淑颖
语文新课标必读经典·世界上的著名战役,出版社,黄山书社
江苏大圆银泰商品合约交易市场有限公司,成立日期,2011年12月
外星伴侣,歌手,陈冠希
若夕枫雨,作者,顾易凡
若夕枫雨,连载网站,17k小说网
钟旭秋,出生日期,1947年
旅程,作词,魏晨
新世纪大学英语阅读教程,出版社,上海科技教育
黄玫瑰,歌手,黄灿
火车,出版社,南海出版公司
火车,作者,宫部美雪
段润尧,毕业院校,清华大学
侧觚束颈蝗,目,直翅目
全能奇才,连载网站,起点中文网
全能奇才,作者,九指仙尊
蒙恬,祖籍,山东省蒙阴县
吴锦怀,出生日期,1948年
吴锦怀,出生地,广东东莞
福州高图信息技术有限公司,成立日期,2007年02月28日
南京金港科技创业中心,成立日期,2000年10月
广州中缆信息科技有限公司,成立日期,2012年05月09日
我的乡园,作者,赵凯
重庆市星星灾害救助基金会,成立日期,2008年11月27日
猪胎,连载网站,17k小说网
猪胎,作者,马蒂乔恩波尔维
最真的梦,所属专辑,女人心声
最真的梦,歌手,陈瑞
过火,歌手,张信哲
爱如潮水,歌手,张信哲
红水河铜鼓风情村,占地面积,875亩
朱泰墱,出生日期,1416
东亚银行,总部地点,香港
马克思与正义理论,出版社,中国人民大学出版社
马克思与正义理论,作者,李惠斌
小茎赘须金小蜂,目,膜翅目
九年,歌手,潘裕文
头条天后,作者,雅畈
头条天后,出版社,江苏文艺出版社
朱利安·格雷,身高,185CM
朱利安·格雷,国籍,英格兰
朱利安·格雷,出生日期,1979年9月21
她的空房间,所属专辑,我们的故事
她的空房间,歌手,胡杨林
臧春梅,毕业院校,北京师范大学
人在边缘,主演,黎明
紫点革鲀,目,鲀形目
紫点革单棘鲀,目,鲀形目
影劫,连载网站,纵横中文网
影劫,作者,疯想易生
北京嵩岳（集团）公司,总部地点,北京中关村
刘再复,国籍,中国
黑水城人文与环境研究,出版社,中国人民大学出版社
黑水城人文与环境研究,作者,沈卫荣
大江大河,导演,孔笙
大江大河,主演,杨烁
大江大河,主演,王凯
大江大河,制片人,侯鸿亮
大江大河,主演,董子健
李献计历险记,导演,李阳
猎聘网,成立日期,2011年
加拿大维亚铁路,成立日期,1977年1月12号
盘羊戈壁亚种,目,偶蹄目
圣尊路,作者,我若癫狂
圣尊路,连载网站,17k小说网
意识心理学,出版社,上海教育出版社
意识心理学,作者,霍涌泉
德云社,创始人,郭德纲
约瑟夫·杨,出生地,美国德克萨斯州休斯敦
约瑟夫·杨,国籍,美国
约瑟夫·杨,出生日期,1992年6月27日
黄宗友,民族,汉族
黄宗友,出生日期,1892年
沙姆巴拉,连载网站,17k小说网
沙姆巴拉,作者,秋之高远
隐殖科,目,复殖吸虫目
先取恐龙还是蛋,作者,光濑龙
先取恐龙还是蛋,连载网站,17k小说网
实变函数论与泛函分析（上册）,作者,曹广福
实变函数论与泛函分析（上册）,出版社,高等教育出版社
图解药理学,出版社,中国医药科技
汪峰,妻子,章子怡
章子怡,丈夫,汪峰
泽生藤,目,棕榈目
王钦若,字,定国
王钦若,出生地,临江军新喻
王钦若,出生日期,962年
下碑寺乡,面积,110平方公里
下碑寺乡,人口数量,24300
妈妈的牵挂,歌手,王博文
妈妈的牵挂,作曲,刘凤瑶
妈妈的牵挂,作词,弓虽子
辽阔之外,歌手,巴桑拉姆
奥格涅·弗拉涅斯,出生地,巴尼亚卢卡
奥格涅·弗拉涅斯,出生日期,1989年10月24日
奥格涅·弗拉涅斯,身高,182CM
李嘉诚,妻子,庄月明
庄月明,丈夫,李嘉诚
妖天使,作者,柳之
妖天使,连载网站,17k小说网
太子妃升职记,出品公司,乐视网
温暖的弦,作者,安宁
温暖的弦,出品公司,上海观达影视文化有限公司
杨群德,民族,汉族
杨群德,出生日期,1968年10月
杨群德,出生地,广西荔浦县
龙凤店传奇,出品公司,德丰影业
龙凤店传奇,出品公司,东方今鸣
龙凤店传奇,出品公司,捷成世纪
胡成宏,民族,汉族
胡成宏,出生地,湖北松滋
胡成宏,出生日期,1974年10月
安赛乐米塔尔,总部地点,卢森堡
北京枝兰信息技术有限公司,成立日期,2014年
北京枝兰信息技术有限公司,总部地点,北京
廖鹏,国籍,中国
廖鹏,民族,汉
廖鹏,民族,汉族
上帝创造女人,主演,简-路易斯·特林提格南特
上帝创造女人,主演,碧姬·芭铎
上帝创造女人,导演,罗杰·瓦迪姆
施燕华,丈夫,吴建民
吴建民,妻子,施燕华
陈小鲁,父亲,陈毅
唐志龙,国籍,中国
故事本中国哲学史,出版社,上海古籍出版社
故事本中国哲学史,作者,唐志龙
石先前,毕业院校,中南工业大学
张家瑜,出生地,江苏扬州
张家瑜,出生日期,1915
张家瑜,民族,汉族
花非花似花,作者,mossy陌熙
花非花似花,连载网站,17k小说网
位面游戏,连载网站,17k小说网
位面游戏,作者,活着的尸体
毕蕾蕾,母亲,傅益璇
荣成荣鑫气体有限公司,总部地点,山东荣成市
Revive,歌手,仓木麻衣
敞开你的心,歌手,关德辉
你从不说抱歉,歌手,关德辉
你从不说抱歉,所属专辑,敞开你的心
苏莉,毕业院校,武汉大学
吴公藻,出生日期,1900
吴公藻,父亲,吴鉴泉
四星藻属,目,绿球藻目
陈荣发,出生日期,1903
陈荣发,出生地,福建省龙岩县
清穿之胤禛福晋,连载网站,晋江文学城
清穿之胤禛福晋,作者,青玉铭瑄
佘爱珍,丈夫,吴四宝
佘爱珍,丈夫,胡兰成
吴四宝,妻子,佘爱珍
胡兰成,妻子,佘爱珍
奇剑风云,作者,钧壹
奇剑风云,连载网站,17K小说网
秃鹫,出品公司,NHK电视台、东宝映画
李宁体育用品有限公司,成立日期,1990年
闺蜜2,导演,黄真真
广州亿恤生物科技有限公司,成立日期,2016年01月05日
夏日,歌手,李湘
夏日,所属专辑,李湘同名专辑
武修道,作者,郁闷边缘人
武修道,连载网站,起点中文网
澳大利亚,首都,堪培拉
满都拉,出生日期,1962年11月
满都拉,民族,蒙古族
满都拉,出生地,巴彦淖尔市乌拉特中旗
满都拉,出生地,内蒙古
满都拉,毕业院校,内蒙古农业大学
七侠五义人间道,编剧,冯海
七侠五义人间道,主演,万梓良
七侠五义人间道,出品公司,北京紫金长天传媒文化有限公司
七侠五义人间道,主演,赵文卓
七侠五义人间道,导演,李惠民
七侠五义人间道,主演,寇振海
七侠五义人间道,主演,王同辉
改变人生的经典故事,出版社,中国纺织出版社
黑帮兄弟,上映时间,2007年02月26日
林国芳,国籍,中国
死水微澜,导演,刘子农
死水微澜,主演,张晓敏
麂,目,偶蹄目
于学波,出生日期,1969年1月
于学波,民族,汉族
拥有神之舌的男人,编剧,樱井武晴
拥有神之舌的男人,导演,加藤新
加藤新,国籍,日本
拥有神之舌的男人,主演,木村文乃
拥有神之舌的男人,出品公司,TBS
拥有神之舌的男人,导演,伊藤雄介
拥有神之舌的男人,主演,佐藤二朗
拥有神之舌的男人,导演,堤幸彦
高拱论著四种,出版社,中华书局
高拱论著四种,作者,高拱
帷幄独尊,连载网站,17K小说网
帷幄独尊,作者,鹿一含
李承铉,妻子,戚薇
戚薇,丈夫,李承铉
芋螺科,目,新腹足目
胜利芋螺,目,新腹足目
爱你一万年,歌手,刘德华
疯狂的赛车,导演,宁浩
疯狂的赛车,主演,黄渤
疯狂的赛车,主演,九孔
疯狂的赛车,上映时间,2009年
疯狂的赛车,主演,徐峥
穷爸爸富爸爸,主演,陈宝国
刘建运,出生地,山东临沂市
刘建运,出生日期,1907年
颐和园玩全指南,作者,人在旅途编辑部
颐和园玩全指南,出版社,旅游教育出版社
原谅我不能再爱你,连载网站,17k小说网
原谅我不能再爱你,作者,轻语霓裳
面试英语问答与实例,出版社,上海科学普及出版社
面试英语问答与实例,作者,浩瀚
黑色柳丁,作词,陶喆
陶云南,民族,汉族
陶云南,出生日期,1954年10月
明芳,民族,汉族
李明芳,民族,汉族
任政,民族,汉族
彭楚粤,毕业院校,星海音乐学院
伍嘉成,出生日期,1993年7月18日
伍嘉成,毕业院校,星海音乐学院
王甲本,毕业院校,云南陆军讲武堂
剑桥大学考试委员会,简称,UCLES
张耀东,毕业院校,哈尔滨工业大学
静夜星空,歌手,张雨生
静夜星空,所属专辑,一天到晚游泳的鱼
海星城市广场,占地面积,约31.13亩
神炼逍遥,连载网站,17K小说网
神炼逍遥,作者,月寒
刘强东,毕业院校,中国人民大学
中国空分设备有限公司,成立日期,1981年4月
魔鼎,作者,孤江影月
魔鼎,连载网站,17K小说网
张育德,祖籍,山西
张育德,出生日期,1938年5月
里奇库蚊,目,双翅目
图文英语分级阅读·白银级,出版社,二十一世纪出版社
图文英语分级阅读·白银级,作者,珍妮特·博蒙特
北京爱情故事,主演,李晨
北京爱情故事,主演,张译
北京爱情故事,导演,陈思成
镜头背后,导演,李在容
瓶梅闲笔砚,作者,梅节
瓶梅闲笔砚,出版社,北京图书馆出版社
冰的泪，谁懂,连载网站,云中书城
冰的泪，谁懂,作者,张芯芯
满秋,主演,李坤霖
满秋,出品公司,辽宁广播电视台
满秋,编剧,卜可
满秋,主演,宋佳伦
满秋,主演,乔振宇
满秋,导演,黄力加
满秋,主演,颜丙燕
李根源,国籍,中国
中国风2,出版社,浙江人民美术出版社
知日·妖怪,出版社,中信出版社
知日·妖怪,作者,苏静
你是我的一滴泪,所属专辑,以前以后
你是我的一滴泪,歌手,苏有朋
微微一笑很倾城,主演,杨洋
武动乾坤,主演,杨洋
我还想她,歌手,林俊杰
有你的心就无恙,所属专辑,随爱而飞
有你的心就无恙,歌手,彭羚
郑欣宜,母亲,沈殿霞
陈希,民族,汉
陈希,出生地,上海
陈希,国籍,中国
司马懿,朝代,曹魏
李建成,父亲,李渊
阿珂,丈夫,韦小宝
韦小宝,妻子,阿珂
蟹蛛,目,蜘蛛目
俄罗斯航空公司,成立日期,1923年
帚尾豪猪,目,啮齿目
豪猪,目,啮齿目
帚尾豪猪海南亚种,目,啮齿目
张志友,民族,汉族
张志友,出生地,天津宝坻
张志友,出生日期,1958年2月
百家乐翻天,导演,王晶
百家乐翻天,主演,罗家英
百家乐翻天,主演,杜汶泽
百家乐翻天,主演,薛凯琪
屌丝男医,连载网站,17K小说网
屌丝男医,作者,喵小姐
该隐与亚伯,导演,金亨植
该隐与亚伯,主演,蔡贞安
该隐与亚伯,主演,申贤俊
该隐与亚伯,编剧,朴继玉
该隐与亚伯,主演,苏志燮
该隐与亚伯,出品公司,韩国SBS电视台
该隐与亚伯,主演,韩智敏
关羽,字,云长
山东博远达投资有限公司,成立日期,2014年07月18日
爱情向左婚姻向右-超值金版,作者,关登浩
管仲,出生地,颍上
管仲,字,仲
蚌埠天光传感器有限公司,成立日期,1991年
蚌埠天光传感器有限公司,总部地点,中国安徽省蚌埠市
武状元苏乞儿,导演,陈嘉上
别把寂寞当缘分,作词,夏英峰
别把寂寞当缘分,作曲,夏英峰
别把寂寞当缘分,歌手,冷漠
舍得爱,歌手,蔡卓妍
一杯闲，半生愁,作者,叶倾城
艺术与艺术家论,作者,康定斯基
艺术与艺术家论,出版社,重庆大学出版社
潘卫东,国籍,中国
潘卫东,毕业院校,中国矿业大学
战青春,作者,消视
战青春,连载网站,17K小说网
来来往往,主演,许晴
来来往往,导演,田迪
来来往往,主演,濮存昕
来来往往,主演,吕丽萍
谷尚尉,出生地,河南洛阳
谷尚尉,父亲,谷祥弟
谷尚尉,母亲,周寿花
老人、孩子和外国人,导演,文谦
赵广,出生地,合肥
赵广,朝代,宋代
韩浚,出生地,山东省淄博市张店区傅家镇小田村
韩浚,字,晶宇
郭晶晶,丈夫,霍启刚
霍启刚,妻子,郭晶晶
乐友孕婴童,成立日期,1999年
罗伊·斯帕罗,出生地,美国弗吉尼亚州萨福克
罗伊·斯帕罗,国籍,美国
罗伊·斯帕罗,出生日期,1958年6月12日
建筑材料工艺原理,出版社,建材工业出版社
冷傲的化妆,歌手,谭咏麟
冷傲的化妆,所属专辑,梦幻舞台
鲁元公主,丈夫,张敖
张敖,妻子,鲁元公主
北京大学,简称,北大
郭凯,毕业院校,北京大学
武汉远视通科技有限公司,总部地点,武汉
武汉远视通科技有限公司,成立日期,2010年12月6日
劳动合同法下的离职员工管理,出版社,中国法制出版社
劳动合同法下的离职员工管理,作者,魏浩征
五百罗汉,编剧,邓鲁平
五百罗汉,出品公司,成都艺星天成文化传媒有限公司
唱片里的声乐艺术,作者,史君良
唱片里的声乐艺术,出版社,人民音乐出版社
与周恩来同窗的岁月,出品公司,天津电视台
神天空,连载网站,纵横中文网
神天空,作者,一品带刀麻雀
真正的娱乐精神,作者,堂吉诃德一世
真正的娱乐精神,连载网站,17k小说网
克洛科娃,国籍,斯洛伐克
克洛科娃,出生地,斯洛伐克
克洛科娃,出生日期,1983年11月20日
广州神农信息技术服务有限公司,成立日期,2007年12月10日
安徽省晨力科学仪器有限公司,成立日期,2009年08月11日
唐山大兄,主演,李小龙
唐山大兄,编剧,罗维
唐山大兄,编剧,李小龙
唐山大兄,上映时间,1971年
唐山大兄,主演,苗可秀
唐山大兄,导演,吴家骧
唐山大兄,出品公司,香港嘉禾电影公司
唐山大兄,导演,罗维
唐山大兄,主演,田俊
上海万普线缆有限公司,成立日期,2001年3月23日
隋文帝,国籍,中国
独孤伽罗,朝代,隋朝
幼翅横鼓蝗,目,直翅目
韩洪灵,毕业院校,浙江大学
周武王,父亲,周文王
史记,作者,司马迁
抽屉里的情书,编剧,藤井清美
上海星酷影视文化传播有限公司,总部地点,上海
上海星酷影视文化传播有限公司,成立日期,2010年
梁依驰,出生地,湖南南县
梁依驰,出生日期,1936年9月
百万庄园,成立日期,1992
火蜥蜴,目,有尾目
醉红尘,作曲,顾嘉辉
醉红尘,歌手,关正杰
醉红尘,作词,郑国江
不能跟情人说的话,歌手,范玮琪
哲学家,歌手,范玮琪
不能跟情人说的话,所属专辑,哲学家
是非题,歌手,范玮琪
是非题,所属专辑,《哲学家》
郑州送送卡商务服务有限公司,成立日期,2011年
张铨,号,翼南
张铨,出生地,利津县盐窝镇左家庄
张铨,字,寅阶
张铨,出生日期,1795
最后一次携手,所属专辑,夕阳伴我归
最后一次携手,歌手,陈淑桦
一吻定情,出品公司,朝日电视台
一吻定情,主演,青木伸辅
一吻定情,导演,森田光则
一吻定情,主演,佐藤蓝子
一吻定情,主演,小泽真珠
一吻定情,主演,柏原崇
一吻定情,改编自,淘气小亲亲
诸葛亮,妻子,黄月英
黄月英,丈夫,诸葛亮
等待,歌手,汪峰
致美丽的你,主演,宋茜
致美丽的你,主演,弦子
致美丽的你,主演,何润东
致美丽的你,主演,李玲玉
致美丽的你,主演,胡宇崴
致美丽的你,导演,柯翰辰
独立式住宅环境景观设计,出版社,辽宁科学技术出版社
细说中国园林,出版社,光明日报出版社
开封大学旅游协会,成立日期,2001年5月29日
龙器,主演,靳东
龙器,主演,种丹妮
龙器,主演,孙宁
龙器,导演,李云亮
图说千种树木4,作者,李彦慧
图说千种树木4,出版社,中国农业出版社
图说千种树木4,作者,孟庆武
图说千种树木4,作者,纪殿荣
新世纪英汉多功能词典,出版社,上海外语教育出版社
新世纪英汉多功能词典,作者,戴炜栋
越淘越开心,主持人,汪涵
仙华山,海拔,720.8米
想象城市的方式,作者,罗岗
绿野心踪,主演,Nittha
绿野心踪,主演,nadech
绿野心踪,主演,Mew
绿野心踪,主演,Barry
郭侃,字,仲和
郭侃,朝代,蒙古帝国
郭侃,出生日期,1217年
郭侃,出生地,华州郑县
范国均,出生地,重庆
范国均,出生日期,1929年9月
金刚不败,连载网站,起点文学网
金刚不败,作者,饿了就抽烟
十六岁的花季,主演,池华琼
爱情来点赞,歌手,张可儿
爱情来点赞,作曲,李青
爱情来点赞,作词,王德清
蔡英文,母亲,张金凤
刘郦,出生地,四川达州市
刘郦,民族,汉族
刘郦,出生日期,1968年7月
花街邪少,作者,法海不懂爱
花街邪少,连载网站,17K小说网
幸福颂,作词,樊孝斌
幸福颂,作曲,胡廷江
幸福颂,歌手,张芷瑈
张秉钧,祖籍,陕西临潼相桥镇
张秉钧,出生日期,1920年
张艺谋,父亲,张秉钧
袁再和,民族,侗族
袁再和,毕业院校,省委党校
赵普,字,则平
赵普,出生日期,922年
王恒展,国籍,中国
中国文化通览,出版社,高等教育
中国文化通览,作者,杨敏
杨敏,国籍,中国
王克奇,国籍,中国
韦仕军,民族,侗族
韦仕军,出生日期,1958年8月
眉山市神果环球食品有限公司,成立日期,2014年4月10日
和成卫浴,总部地点,台湾
和成卫浴,成立日期,1931年
和成卫浴,创始人,邱和成
一辈子做女王,出版社,重庆出版社
一辈子做女王,作者,女王
性爱大师第四季,主演,迈克尔·辛
性爱大师第四季,导演,约翰·麦登
性爱大师第四季,主演,丽兹·卡潘
大力水手,出品公司,派拉蒙影业公司
庄月明,毕业院校,香港大学
一路风雨一路歌,连载网站,17k小说网
一路风雨一路歌,作者,雪落夕影
朱琦,妻子,赵力平
赵力平,丈夫,朱琦
华夏天骄,连载网站,17K小说网
华夏天骄,作者,西子情未了
段正严,朝代,大理
异界大资本家,作者,人在舟中
异界大资本家,连载网站,起点中文网
智永楷书集宋诗1,作者,吴鸿鹏
智永楷书集宋诗1,出版社,西泠印社
刘学旺,民族,汉族
刘学旺,出生地,天津
刘学旺,出生日期,1970年1月
高启明,出生日期,1958年生
高启明,国籍,中国
高启明,出生地,陕西大荔县
高启明,民族,汉族
魔武风暴,作者,抓狂的老猪
魔武风暴,连载网站,17k小说网
莫萨维,国籍,科威特
莫萨维,出生日期,1988年07月11日
莫萨维,出生地,科威特
我爱德赛洛,作者,孙未
网游之修炼狂魔,连载网站,17K小说网
网游之修炼狂魔,作者,三克金
智银圣回来了,连载网站,小说阅读网
智银圣回来了,作者,兜里日月
胃蝇属,目,双翅目
肠胃蝇,目,双翅目
追仙封神,连载网站,17k小说网
追仙封神,作者,南宫少泽
花月佳期,导演,徐克
花月佳期,主演,张庭
风华燃尽,所属专辑,以剑之名
风华燃尽,作曲,少司命
风华燃尽,歌手,少司命
风华燃尽,作词,烟花瀑布
基础材料与新材料,作者,陈贻瑞
基础材料与新材料,出版社,天津大学出版社
青丘狐传说,主演,乔欣
青丘狐传说,上映时间,2016年2月8日
青丘狐传说,改编自,聊斋志异
科库雷克,出生日期,1986年2月12日
科库雷克,国籍,捷克
科库雷克,身高,179厘米
同桌的你,编剧,高晓松
张嘉译,妻子,王海燕
王海燕,丈夫,张嘉译
最新黑板报设计全书,作者,方坚平
最新黑板报设计全书,作者,张芙蓉
最新黑板报设计全书,出版社,上海画报出版社
血染的百合,连载网站,起点中文网
血染的百合,作者,淡淡旳笶
西游记,作者,吴承恩
流星花园,主演,吴希泽
流星花园,主演,梁靖康
流星花园,主演,沈月
流星花园,主演,王鹤棣
流星花园,主演,官鸿
刘长庚,出生地,湖南
刘长庚,民族,汉族
刘长庚,出生日期,1965年月11月
红尘情歌,所属专辑,宇你同行
红尘情歌,作词,潘龙江
红尘情歌,歌手,昕宇
红尘情歌,作曲,潘龙江
独孤侠客,作者,ymx510335
独孤侠客,连载网站,17K小说网
我足够努力，值得未来所有美好,作者,谨斯里
凤囚凰,导演,李慧珠
凤囚凰,出品公司,华夏视听
凤囚凰,出品公司,欢娱影视
彭建初,民族,汉族
彭建初,出生日期,1957年9月
彭建初,出生地,江西吉安
庄妃轶事,导演,王扶林
海涅诗选,出版社,人民文学出版社
海涅诗选,作者,海涅
网游之交换法师,作者,胡写八道
网游之交换法师,连载网站,起点中文网
袋鼠岛,面积,4405平方公里
成池铉,国籍,韩国
宠儿,所属专辑,乱红
宠儿,歌手,刘子菲
想亲亲,所属专辑,黄土情歌
想亲亲,歌手,阎维文
爱情转移,作词,林夕
爱情转移,歌手,陈奕迅
爱情转移,所属专辑,《认了吧》
爱情转移,作曲,泽日生
胡友权,出生地,湖北石首
胡友权,出生日期,1951年1月
胡友权,国籍,中国
逆相思,所属专辑,少年四大名捕 电视剧原声带
张雨梅,国籍,中国
张雨梅,毕业院校,中国药科大学
穿越人海,作曲,曲世聪
穿越人海,所属专辑,穿越三部曲
穿越人海,歌手,张杰
穿越人海,作词,曲世聪
罗文喜,毕业院校,甘肃省工业学校
枪鱼,目,鲈形目
阳光警察,出品公司,北京缘鑫国际文化传媒有限公司
Z·史图奴亚,国籍,格鲁吉亚
隋宫秘史,作者,邓琼芳
袁启彤,出生地,江苏姜堰
袁启彤,出生日期,1932年5月
汪明荃,丈夫,罗家英
罗家英,妻子,汪明荃
弗吉尼亚联邦大学,简称,VCU
星空魔帝,连载网站,17k小说网
星空魔帝,作者,梦回江南
上市公司报表结构分析,出版社,石油工业出版社
上市公司报表结构分析,作者,董春和
龚晓京,毕业院校,中国人民大学
龚小京,毕业院校,中国人民大学
股指期货入门与实战技巧,作者,陈盛
股指期货入门与实战技巧,出版社,经济管理
三国之云台,作者,无心枫
中华民族的人格,出版社,辽宁教育出版社
中华民族的人格,作者,张元济
张海波,出生地,山东威海
张海波,民族,汉族
张海波,出生日期,1969年5月
张海波,国籍,中国
血染大青山,主演,谷智鑫
血染大青山,导演,凌飞
血染大青山,主演,袁弘
血染大青山,主演,赵韩樱子
血染大青山,主演,严屹宽
血染大青山,导演,赵轶超
血染大青山,出品公司,永乐影视
流动与和谐,作者,曹荣庆
流动与和谐,出版社,上海交通大学出版社
财神来到我家门,所属专辑,《福泰源》
财神来到我家门,作词,林龙
财神来到我家门,作曲,林龙
双面人,歌手,姜佑泽
抽烟女人的黑夜,歌手,姜佑泽
双面人,作曲,姜佑泽
苏州利星汽车服务有限公司,成立日期,2005年7月
煎熬,歌手,李佳薇
吉利,董事长,李书福
茉莉花,编剧,贾立强
茉莉花,导演,沈涛
爱的就是你,歌手,王力宏
爱的就是你,作词,楼南蔚
没离开过,作词,楼南蔚
没离开过,歌手,林志炫
郑州神龙软件开发有限公司,成立日期,2006年3月
安建洛,民族,满族
安建洛,毕业院校,内蒙古党校
安建洛,出生日期,1956年10月
乐理专题训练与综合测试,出版社,上海音乐出版社
贞相大白,导演,鹤田法男
午夜凶铃,导演,中田秀夫
心中有爱,歌手,黄圣依
铁血兄弟,导演,何群
清代经学与文化,出版社,北京大学出版社
清代经学与文化,作者,彭林
后来,作曲,玉城千春
后来,作词,施人诚
后来,歌手,刘若英
周晓梅,毕业院校,吉林大学
花间一壶酒（精装）,作者,李零
花间一壶酒（精装）,出版社,山西人民出版社
绝密543,主演,陈维涵
绝密543,主演,林永健
绝密543,主演,王聪
绝密543,导演,宋海波
对号快车,所属专辑,归来的燕子
对号快车,歌手,陈美龄
司徒协麟,祖籍,广东省恩平市
卷睫盼,歌手,陈琳
冯伯根,国籍,瑞士
冯伯根,出生地,瑞士
平原烽火,主演,张子健
平原烽火,主演,梁冠华
平原烽火,主演,钱雁秋
四平市嫤蕙商贸有限公司,成立日期,2014年
何必留下回忆,歌手,邓丽君
阿里山的姑娘,歌手,邓丽君
阿里山的姑娘,所属专辑,何必留下回忆
范好宝,民族,汉族
范好宝,出生地,河南省尉氏县
范好宝,国籍,中国
范好宝,出生日期,1960年
绿翅国王鹦鹉,目,鹦形目
晋惠帝,父亲,晋武帝
一起来看流星雨,主演,张翰
一起来看流星雨,主演,郑爽
沁缘宫梦,连载网站,17k小说网
沁缘宫梦,作者,猫猫语录
太极内功心法全书（上卷）,作者,钱惕明
太极内功心法全书（上卷）,出版社,人民体育出版社
尹爱华,出生地,安徽
尹爱华,出生日期,1975年1月
安徽教育网,总部地点,安徽
学用中医体会录,出版社,人民卫生
学用中医体会录,作者,魏子孝
朱立群,出生地,河北
朱立群,出生日期,1958年11月
大卫·格德尔舞会,出版社,人民文学出版社
大卫·格德尔舞会,作者,伊莱娜·内米洛夫斯基
呼沦池的微波,作者,倪匡
呼沦池的微波,出版社,明窗出版社
刑典之神,出版社,起点中文网
刑典之神,作者,头上有道疤
耿晨晨,出生日期,1980年3月12日
耿晨晨,毕业院校,天津音乐学院
耿晨晨,出生地,河南省洛阳市涧西区
深夜食堂,上映时间,2014年
深夜食堂,导演,松冈锭司
罗清洋,毕业院校,湖北省委党校
罗清洋,国籍,中国
罗清洋,出生地,湖北江陵
罗清洋,民族,汉族
罗清洋,出生日期,1962年10月
伊川大魔王,出品公司,北京木马广告传媒有限公司
伊川大魔王,出品公司,启泰文化发展集团
偷窥无罪2诱人犯罪,主演,麦家琪
偷窥无罪2诱人犯罪,主演,梁敏仪
偷窥无罪2诱人犯罪,导演,刘宝贤
吕克强,出生地,海南万宁
吕克强,民族,汉族
吕克强,出生日期,1973年5月
孙策,妻子,大乔
小乔,丈夫,周瑜
大乔,丈夫,孙策
周瑜,妻子,小乔
王体训,出生地,湖北蔡甸
王体训,民族,汉族
王体训,出生日期,1964年6月
凯文·格兰特,出生日期,1989年1月10日
庄严,民族,汉族
庄严,出生日期,1951年10月
庄严,国籍,中国
庄严,出生地,辽宁省锦州市
金正云,母亲,高英姬
致我们单纯的小美好,主演,胡一天
秋蝉,主演,李曼
大宋提刑官,主演,罗海琼
大宋提刑官,主演,何冰
大宋提刑官,导演,阚卫平
黄学有,出生地,山东招远
黄学有,出生日期,1949年2月
别无选择,导演,兰少寅
步步深渊,导演,兰少寅
丁辉,国籍,中国
丁辉,民族,汉族
丁辉,出生地,湖北仙桃
丁辉,出生日期,1968年11月
变身法神,连载网站,17k小说网
变身法神,作者,离别痛楚
卢彦勋,国籍,中国
贵家弃女,作者,八宝豆沙包
贵家弃女,连载网站,起点中文网
卢明楷,字,端臣
卢明楷,号,纯安
卢明楷,出生日期,1702
卢明楷,字,又李
卢明楷,号,钝菴
杨彪,字,文先
杨彪,出生日期,142年
湖北,人口数量,5902万人
湖北,人口数量,5902万
走在幸福的路上,歌手,吴娜
走在幸福的路上,作曲,徐沛东
走在幸福的路上,所属专辑,田野的春天 徐沛东精选作品集
吴娜,国籍,中国
寻求庇护,主演,杰西卡·查斯坦
寻求庇护,导演,杰夫·尼科尔斯
寻求庇护,上映时间,2011年9月30日
寻求庇护,主演,迈克尔·珊农
王丽坤,毕业院校,北京舞蹈学院
基督山伯爵,作者,大仲马
高洋,朝代,北齐
一眉道人,主演,钱小豪
中国高等院校计算机基础教育课程体系2014,出版社,清华大学出版社
Internet的主体结构,作者,Minoli
Internet的主体结构,出版社,电子工业出版社
Internet的主体结构,作者,Daniel
火力发电厂安全考试题库,出版社,中国电力
跑在世界的前面,所属专辑,最真的梦
跑在世界的前面,作词,黄建昌
跑在世界的前面,歌手,周华健
跑在世界的前面,作词,姚若龙
跑在世界的前面,作曲,李正帆
那片星空那片海,编剧,桐华
那片星空那片海,主演,冯绍峰
那片星空那片海,主演,郭碧婷
那片星空那片海,主演,黄明
那片星空那片海,主演,王萌黎
那片星空那片海,主演,王阳明
闺蜜2,主演,张钧甯
闺蜜2,编剧,黄真真
闺蜜2,主演,薛凯琪
闺蜜2,主演,陈意涵
伦掌乡,人口数量,3.6万人
伦掌乡,面积,70.2平方公里
天龙八部之求不得,连载网站,晋江文学城
天龙八部之求不得,作者,细纱素衣
佛里斯,出生日期,1991年9月7日
佛里斯,国籍,德国
佛里斯,身高,179厘米
天生绝配傻子王爷废材妃,连载网站,17K小说网
天生绝配傻子王爷废材妃,作者,朱颜依然
三尖等彩蝇,目,双翅目
《一代宗师》,导演,王家卫
现代设计方法概论,作者,程颖
现代设计方法概论,作者,覃文洁
现代设计方法概论,出版社,北京理工大学出版社
洛伦索,出生日期,1979-12-04
洛伦索,身高,178厘米
塞吕西耶,出生日期,1863
塞吕西耶,出生地,巴黎
塞吕西耶,毕业院校,朱利安美术学院
袖手仙云,作者,蓝雪砚
袖手仙云,连载网站,纵横中文网
守护甜心之雪恋,作者,初雪的记忆
守护甜心之雪恋,连载网站,17k小说网
张景平,出生日期,1980年9月
张景平,民族,汉族
张景平,出生地,河北南皮县
广东江海盈科控股集团有限公司,成立日期,2014年11月27日
孔戣,父亲,孔岑父
秦始皇,母亲,赵姬
甲虫,目,鞘翅目
丽鞘甘薯叶甲,目,鞘翅目
李美庭,毕业院校,广西民族大学
李美庭,出生地,武鸣县陆斡镇
李美庭,民族,壮族
李美庭,出生日期,1974年9月
亓克,毕业院校,山大外国语学院
中华黄土路,所属专辑,青春火焰
中华黄土路,歌手,张德兰
上错花轿嫁对郎,主演,聂远
倩女幽魂,主演,王祖贤
韦思理,毕业院校,澳门大学
韦思理,出生日期,1957年
天气预报技术文集(2006),出版社,气象出版社
天气预报技术文集(2006),作者,中国气象局预测减灾司
嗜血之杀戮天下,作者,片叶不沾身
周云,出生地,湖北
周云,出生地,中国
周云,毕业院校,省委党校
周云,出生日期,1972年11月
周云,民族,汉
杨明忠,出生日期,1952年
佐藤雄三,出生日期,1960年2月19日
超智游戏,导演,佐藤雄三
十二道锋味,嘉宾,谢霆锋
海贼王之展翼飞翔,连载网站,晋江文学城
海贼王之展翼飞翔,作者,艾洛尔
范楚绒,国籍,中国
西雅图酋长的宣言,出版社,河北教育出版社
西雅图酋长的宣言,作者,西雅图酋长
付笛声,妻子,任静
知心爱人,作曲,付笛声
知心爱人,歌手,付笛声
任静,丈夫,付笛声
毛驴县令,主演,潘长江
曹华,民族,汉
毛驴县令,导演,潘长江
毛驴县令,主演,恬妞
毛驴县令,主演,巩汉林
毛驴县令,主演,黄艳燕
於亢笛,毕业院校,上海医科大学
赖璜,出生日期,1914
谭哲颐,国籍,中国
贾斯蒂斯·温斯洛,出生地,美国德克萨斯州休斯敦
贾斯蒂斯·温斯洛,出生日期,1996年3月26日
贾斯蒂斯·温斯洛,国籍,美国
哥斯拉大战太空哥斯拉,上映时间,1994年
哥斯拉大战太空哥斯拉,主演,桥爪淳
哥斯拉大战太空哥斯拉,导演,山下贤章
哥斯拉大战太空哥斯拉,主演,小高惠美
哥斯拉大战太空哥斯拉,主演,米山善吉
王思聪,父亲,王健林
诛心剑,连载网站,纵横中文网
诛心剑,作者,岩石下的小草
TOTO,成立日期,1917
笨脚兽,目,全齿目
楚汉传奇,导演,高希希
你可以告诉我,歌手,王力宏
你可以告诉我,所属专辑,永远的第一天
焰尊,作者,纯洁的墨水
酒干倘卖无,作词,罗大佑
酒干倘卖无,作曲,侯德健
酒干倘卖无,歌手,苏芮
酒干倘卖无,作词,侯德健
新龙村,面积,16平方公里
伊人如梦,歌手,霍尊
天行九歌,作曲,霍尊
天行九歌,歌手,霍尊
锡伯族文学简史,出版社,中央民族大学出版社
浙江申浙汽车股份有限公司,成立日期,1993年
浙江申浙汽车股份有限公司,总部地点,杭州拱墅区石祥路168号
哈密瓜之恋,连载网站,17k小说网
哈密瓜之恋,作者,南宫抚缨
姚静文,毕业院校,北京航空航天大学
仿真实验设计与分析,出版社,电子工业出版社
仿真实验设计与分析,作者,克莱内
林繁男,妻子,吴慈美
林志玲,母亲,吴慈美
林志玲,父亲,林繁男
吴慈美,丈夫,林繁男
思美人兮,歌手,金玟岐
思美人兮,作曲,金玟岐
思美人兮,作词,金玟岐
思美人兮,作词,梁振华
欧阳秉森,出生地,岭南
湖北开特汽车电子电器系统股份有限公司,成立日期,1996年10月14日
安康市汉滨区天欣小学,占地面积,3.2亩
安康市汉滨区天欣小学,简称,天欣小学
天欣小学,占地面积,3.2亩
和优秀教师一起读卢梭,作者,王艳玲
和优秀教师一起读卢梭,出版社,中国青年
和优秀教师一起读卢梭,作者,苟顺明
开国秘密战,出版社,解放军文艺出版社
景山妖录,连载网站,纵横中文网
景山妖录,作者,青扶子
台湾往事,主演,左小青
无限神功,连载网站,17K小说网
无限神功,作者,疯狂的豆角
永嘉,民族,汉族
戴国苍,民族,汉族
微积分和数学分析引论,作者,柯朗
微积分和数学分析引论,出版社,科学出版社
梦游记,歌手,张含韵
梦游记,所属专辑,我很张含韵
弥惘天堂,连载网站,晋江文学城
弥惘天堂,作者,夜澜一梦
江西通慧科技发展有限公司,成立日期,2004年
老人、孩子和外国人,主演,黄婧纯
老人、孩子和外国人,主演,金小鱼
老人、孩子和外国人,主演,崔宏利
老人、孩子和外国人,主演,铁政
Tecno,创始人,Osvaldo
王铎,出生地,河南孟津
王铎,号,十樵
王铎,出生日期,1592
王铎,字,觉之
王铎,号,嵩樵
王铎,字,觉斯
王怀东,出生地,湖北省利川市
王怀东,民族,土家族
王怀东,出生日期,1964年1月
周华,出生地,江苏武进
周华,出生日期,1970年
梦醒的我,作词,陈乐融
梦醒的我,所属专辑,是否我真的一无所有
梦醒的我,作曲,吕国梁
梦醒的我,歌手,李寿全
班品之家整体家装体验馆,占地面积,1600平米
数据库中的多面手,作者,老虎工作室
数据库中的多面手,出版社,人民邮电出版社
南京元乾文化传播有限公司,总部地点,南京市栖霞区
南京元乾文化传播有限公司,成立日期,2010年3月10日
张杨,出生日期,1988年2月6日
张杨,民族,汉族
张杨,出生地,黑龙江双城
罗林川,出生地,宜宾
风云修仙,作者,天天萌物
风云修仙,连载网站,17K小说网
东莞市袋鼠皮具有限公司,总部地点,东莞
卢风才,毕业院校,北京大学
可惜不是你,导演,杨英英
全国中学生优秀作文评析·星星河（记叙文）,出版社,中央民族大学出版社
风声鹤唳,出品公司,北京星美影视文化传播有限公司
风声鹤唳,主演,伊能静
风声鹤唳,主演,李立群
风声鹤唳,导演,刘毅然
风声鹤唳,主演,王亚楠
风声鹤唳,主演,孟尧
风声鹤唳,出品公司,中国国际电视总公司
刘毅然,国籍,中国
心想事成的九大心灵法则,作者,韦恩．戴尔
心想事成的九大心灵法则,出版社,世茂
蒉莺春,国籍,中国
蒉莺春,毕业院校,英国伯明翰大学
曾经的你,歌手,许巍
李荣立,毕业院校,西安交通大学
末日崩塌,制片人,特里普·文森
十七岁的天空,导演,陈映蓉
十七岁的天空,主演,金勤
一不小心爱上你,出品公司,湖南卫视
巨鬣齿兽,目,肉齿目
杭州神钢建设机械有限公司,成立日期,2003年12月
抱歉,作词,李圣杰
抱歉,歌手,李圣杰
抱歉,所属专辑,原谅我没有说
抱歉,作曲,李圣杰
原谅我没有说,歌手,李圣杰
脚是大地上飞翔的翅膀,歌手,歌浴森
我要夏天,歌手,周杰伦
BLEACH 境·界25,作者,久保带人
BLEACH 境·界25,出版社,连环画出版社
兰陵王,主演,冯绍峰
兰陵王,主演,毛林林
太平公主,母亲,武则天
武则天,母亲,太平公主
山东新大洋电动车有限公司,成立日期,2011年01月14日
梅州鸿景园艺有限公司,成立日期,2005年12月14日
梅州鸿景园艺有限公司,注册资本,200万
太平洋战争,出版社,武汉大学出版社
祖皇诀,作者,攀越巅峰
祖皇诀,连载网站,起点中文网
李仁玉,毕业院校,北京大学
李仁玉,出生地,安徽太湖
李仁玉,出生日期,1961年10月
诛天大圣,连载网站,起点网
诛天大圣,作者,西装笔挺
杭州储秀网络科技有限公司,成立日期,2012年3月
冯建峰,出生地,山西省临汾地区永和县
冯建峰,出生日期,1982年8月
卓文君,丈夫,司马相如
司马相如,妻子,卓文君
陈丹青,祖籍,广东台山市三合镇良村
陈丹青,毕业院校,中央美术学院
陈丹青,出生日期,1953年
陈丹青,出生地,上海
两线科,目,两线目
柑橘小粉蚧,目,半翅目
新不了情,主演,刘嘉玲
新不了情,主演,袁咏仪
新不了情,导演,尔冬升
新不了情,主演,刘青云
今天是哪一天,出版社,作家出版社
今天是哪一天,作者,芒克
成果,朝代,清代
纳豆丁,出生日期,1976年2月
漫长的告别,作者,雷蒙德·钱德勒
谜,出品公司,Two in One公司
弗雷德里克·摩尔·文森,国籍,美国
弗雷德里克·摩尔·文森,出生日期,1890年1月22日
弗雷德里克·摩尔·文森,出生地,美国劳伦斯县
就在你身旁,歌手,谭咏麟
就在你身旁,所属专辑,青春梦
杀生丸,母亲,凌月仙姬
总有晴空,导演,刘光
邰正宵,毕业院校,台湾高雄医学院
敦化市中医院,成立日期,1958年
裸婚之后,主演,张佳宁
青年医生,主演,张佳宁
最新服饰吊牌设计,出版社,湖北美术出版社
最新服饰吊牌设计,作者,丘斌
文思博要·权力意志,出版社,陕西人民
你猜,歌手,印子月
爱若离,歌手,印子月
圆明园（全五册）,作者,中国圆明园学会
圆明园（全五册）,出版社,中国建筑工业出版社
影城大亨,主演,刘嘉玲
影城大亨,主演,陶大宇
今夜谁来共舞,歌手,杨林
今夜谁来共舞,所属专辑,纵容美丽
中国近代海关高级职员年表,出版社,中国海关出版社
中国近代海关高级职员年表,作者,孙修福
如果相爱就像他们一样,出品公司,SBS
李伟峰,出生日期,1978年12月
李伟峰,民族,汉族
吴有文,民族,汉族
吴有文,出生地,宁夏中卫市
吴有文,出生日期,1949年3月
天阳九州,连载网站,起点中文网
天阳九州,作者,猫腻爱我
奔跑吧兄弟,主持人,王祖蓝
奔跑吧兄弟,主持人,邓超
奔跑吧兄弟,主持人,陈赫
奔跑吧兄弟,嘉宾,李晨
奔跑吧兄弟,主持人,李晨
奔跑吧兄弟,嘉宾,鹿晗
奔跑吧兄弟,主持人,鹿晗
奔跑吧兄弟,主持人,Angelababy
奔跑吧兄弟,嘉宾,王祖蓝
奔跑吧兄弟,嘉宾,Angelababy
网游之魔幻世纪,作者,北海小虾
网游之魔幻世纪,连载网站,起点网
姚沁蕾,母亲,叶莉
姚沁蕾,父亲,姚明
叶莉,国籍,中国
姚明,妻子,叶莉
姚明,国籍,中国
叶莉,丈夫,姚明
铁齿铜牙纪晓岚,主演,张铁林
铁齿铜牙纪晓岚,主演,王刚
铁齿铜牙纪晓岚,主演,张国立
孙益,身高,168厘米
就送到这里好吗,所属专辑,放下感情
就送到这里好吗,歌手,裘海正
人与人的相遇,作者,王怡红
人与人的相遇,出版社,人民出版社
我被青春撞了一下腰,作词,黄一雄
我被青春撞了一下腰,作曲,左宏元
我被青春撞了一下腰,所属专辑,失恋十四行
我被青春撞了一下腰,歌手,张真
伍青,出生地,广东开平
伍青,出生日期,1954年11月
情非得已,所属专辑,酷我力荐-超可爱童声翻唱特辑
突发奇想,歌手,蔡淳佳
突发奇想,所属专辑,日出
巴尔卡萨尔,国籍,墨西哥
巴尔卡萨尔,出生日期,1988年6月1日
吕玛亭,出生地,广东省海丰鹿境池口村
吕玛亭,民族,汉族
于广东,民族,汉族
河南省绿色建筑景观规划设计研究院有限公司,成立日期,2016年01月19日
邵宝,出生日期,1460
人类精神文明发展史全套四卷,作者,刘明翰
人类精神文明发展史全套四卷,出版社,中国青年出版社
刘明翰,国籍,中国
诸葛亮,字,孔明
小美人鱼,出品公司,迪士尼
石绍霞,民族,水族
王敬尧,出生日期,1969年9月
王敬尧,出生地,四川达州
乔丹·米基,出生地,美国德克萨斯州达拉斯
乔丹·米基,出生日期,1994年7月9日
龙海市庆丰食品有限公司,成立日期,2002年4月18日
玩乐疯,出版社,中国铁道出版社
民国警花,主演,谭松韵
王现伟,民族,汉族
王现伟,出生日期,1972年11月
秦武侠佑,作者,埙落
秦武侠佑,连载网站,纵横中文网
杏花三月天,导演,尹力
隐形超人,歌手,郭采洁
王令尘,母亲,张艾嘉
诡思,作者,乐逸朗
诡思,连载网站,起点中文网
像梦一样自由,作曲,汪峰
像梦一样自由,歌手,汪峰
像梦一样自由,作词,汪峰
鄂尔多斯风暴,导演,苏舟
中国民间美术学导论,作者,唐家路
中国民间美术学导论,出版社,黑龙江美术
神之轨迹,连载网站,17k小说网
神之轨迹,作者,帝都小生
宋徽宗,朝代,南宋
宋徽宗,出生地,金朝
半痛半痒,连载网站,晋江文学城
半痛半痒,作者,清欢不语
职场必读心理学,作者,梅贤
舌尖上的中国,上映时间,2012年
龚楫,父亲,龚原
龚楫,出生地,马头庄
精译医学三字经,作者,刘国生
精译医学三字经,作者,王颖
精译医学三字经,出版社,中医古籍出版社
精译医学三字经,作者,崔述生
超越生命的选择,出版社,长江文艺
花敬定,朝代,唐朝
柳江蜘蛛抱蛋,目,木兰目
错误的喜剧-童话莎士比亚,作者,阿莉西亚·卡尼亚斯·科塔萨尔
错误的喜剧-童话莎士比亚,出版社,少年儿童出版社
错误的喜剧-童话莎士比亚,作者,兰姆
蒙佑斌,民族,汉族
蒙佑斌,出生地,广西灵山
蒙佑斌,出生日期,1985年10月
个人高效成功手册,出版社,陕西师范大学出版社
母仪天下,主演,佟丽娅
人造星球,连载网站,17k小说网
人造星球,作者,丁华波
近缘囊瓣芹,目,桔梗目
杭州玄机科技信息技术有限公司,成立日期,2005年10月9日
王庆川,民族,汉族
王庆川,出生日期,1962年10月
高洋,妻子,李祖娥
李祖娥,国籍,北齐
李祖娥,丈夫,高洋
安德烈,母亲,龙应台
两个人的幸福,歌手,龚玥
我的见鬼女友,主演,李民基
斗破苍穹,作者,天蚕土豆
兴族闪蝶,目,鳞翅目
蛱蝶科,目,鳞翅目
蝴蝶,目,鳞翅目
闪蝶属,目,鳞翅目
英大证券,注册资本,12亿元
好朋友,作曲,梁思桦
好朋友,歌手,刘美麟
好朋友,作词,王靖云
浙江美力科技股份有限公司,成立日期,2002年05月16日
迪努·托多兰,出生地,布拉索夫
迪努·托多兰,身高,180cm
迪努·托多兰,出生日期,1978年9月8日
陌生人,歌手,刘嘉亮
陌生人,所属专辑,原来我不仅失去你
商女春秋,导演,丘处仓田
商女春秋,编剧,苏晓雯
笛安,父亲,李锐
李锐,妻子,蒋韵
笛安,出生地,山西太原
笛安,母亲,蒋韵
蒋韵,丈夫,李锐
穆旦与中国新诗的历史建构,出版社,中国社会科学出版社
穆旦与中国新诗的历史建构,作者,易彬
一个王朝的背影,出版社,中国国际广播出版社
一个王朝的背影,作者,金性尧
千门江湖,主演,金雯昕
千门江湖,主演,宁桓宇
千门江湖,导演,李印
千门江湖,主演,严星月
千门江湖,主演,李岱昆
武装vs异能,作者,凸标
武装vs异能,连载网站,17k小说网
武汉盘龙城置业有限公司,成立日期,2003年9月24日
江苏东台绿色食品产业园,面积,约10平方公里
张帆,毕业院校,对外经济贸易大学
张帆,出生地,合肥
张帆,出生日期,1985年7月
极夜,作曲,潘君堡
极夜,所属专辑,《彭永琛》
极夜,作曲,彭永琛
极夜,歌手,彭永琛
无量魔尊,连载网站,纵横中文网
无量魔尊,作者,端阳羲
杨皇后,出生日期,1162年
重生：将门毒女,作者,风瑾月
重生：将门毒女,连载网站,小说阅读网
沈韶,出生地,浙江嘉兴
沈韶,字,尔调
爱天爱地,歌手,黎明
紫雷战天,连载网站,17K小说网
紫雷战天,作者,做白日梦的西瓜
凝视：走进〈文化视点〉,出版社,沈阳出版社
王世俊,毕业院校,浙江大学
激情创造财富,出版社,新星出版社
激情创造财富,作者,霍华德
武刑天下,作者,刺客不刺青
曹毅轩,毕业院校,北京轻工业学院
曹毅轩,出生日期,1957年
狭胸蔗天牛,目,鞘翅目
天牛科,目,鞘翅目
大城大事,作曲,雷颂德
大城大事,歌手,杨千嬅
小城大事,作曲,雷颂德
大城大事,作词,林夕
小城大事,歌手,杨千嬅
小城大事,作词,林夕
亲亲我,成立日期,2007年
没有你怎么过,歌手,巫奇
没有你怎么过,所属专辑,不顾一切
中国互联网络信息中心,简称,CNNIC
刘如意,母亲,戚夫人
真爱难共,歌手,林峯
云海玉弓缘,主演,李彩桦
张新宇,民族,汉族
张新宇,出生地,浙江浦江
张新宇,出生日期,1971年10月
当我知道你们相爱,歌手,何维健
卢鹏,民族,汉族
卢鹏,出生地,湖南平江
卢鹏,毕业院校,云南大学
卢鹏,出生日期,1980年
在牵手的一瞬间,歌手,陈浩民
在牵手的一瞬间,作曲,杨昊东
在牵手的一瞬间,作词,吴嘉伦
常树珍,毕业院校,青海医学院
伍存强,出生地,罗山县
伍存强,出生日期,1962年4月
唐伯虎点秋香,主演,周星驰
唐伯虎点秋香,主演,郑佩佩
唐伯虎点秋香,主演,巩俐
王世光,国籍,中国
长江之歌,作词,胡宏伟
长江之歌,歌手,季小琴
长江之歌,作曲,王世光
南京鑫吧爱网络科技有限公司,成立日期,2014年11月04日
苏秦,朝代,战国
虾虎鱼,目,鲈形目
虎鱼,目,鲈形目
我的吸血鬼男友之极夜物语,导演,陈永胜
我的吸血鬼男友之极夜物语,编剧,陈永胜
金·休斯,国籍,美国
金·休斯,出生地,美国伊利诺伊州弗里波特
金·休斯,出生日期,1952年6月4日
西藏江南桂湖国际大酒店有限公司,成立日期,2012年05月23日
一本青春,连载网站,起点中文网
张雨文的那十几年,作者,十色朵西
步行虫,目,鞘翅目
步甲科,目,鞘翅目
Triangle,主演,金在中
梅花烙,作者,琼瑶
情深深雨濛濛,编剧,琼瑶
还珠格格,作者,琼瑶
田华,民族,汉族
刁蛮娇妻苏小妹,主演,魏俊杰
刁蛮娇妻苏小妹,主演,郭晋安
刁蛮娇妻苏小妹,导演,邝业生
刁蛮娇妻苏小妹,主演,董璇
三国演义,主角,曹操
三岛由纪夫,国籍,日本
若回眸,作者,白清依
若回眸,连载网站,17k小说网
笑声传奇,主持人,程雷
2011临床执业助理医师资格考试应试指南,作者,专家组
2011临床执业助理医师资格考试应试指南,出版社,北京大学医学
比彻姆,身高,191厘米
微笑妈妈,出品公司,韩国SBS电视台
笑吧，妈妈,主演,姜敏京
笑吧，妈妈,主演,林艺真
微笑妈妈,主演,高恩美
笑吧，妈妈,主演,朴元淑
微笑妈妈,导演,洪成昌
笑吧，妈妈,主演,李美淑
微笑妈妈,主演,李美淑
笑吧，妈妈,主演,尹晶喜
笑吧，妈妈,出品公司,韩国SBS电视台
微笑妈妈,主演,林艺真
林艺真,国籍,韩国
微笑妈妈,主演,姜敏京
笑吧，妈妈,导演,洪成昌
微笑妈妈,主演,尹晶喜
微笑妈妈,主演,朴元淑
微笑妈妈,主演,李在皇
微笑妈妈,编剧,金顺玉
笑吧，妈妈,主演,李在皇
传闻中的七公主,主演,李泰兰
传闻中的七公主,主演,申智秀
传闻中的七公主,主演,金海淑
传闻中的七公主,主演,朴海镇
传闻中的七公主,主演,崔贞媛
传闻中的七公主,主演,李昇基
传闻中的七公主,编剧,文英楠
传闻中的七公主,主演,高株元
传闻中的七公主,导演,裴景洙
传闻中的七公主,主演,金惠善
传闻中的七公主,主演,朴仁焕
语文-六年级下-人教课标版-期未冲刺100分完全试卷-2013春-升级版,出版社,长春
赵石宝,出生日期,1944年1月
赵石宝,出生地,汉寿县崔家桥镇
软银,成立日期,1981年
一不小心爱上你,作者,王伊
酱业大王,出版社,团结出版社
放弃亦是一种美丽,作者,以后才会懂得
由昆,丈夫,陈景润
陈景润,妻子,由昆
王瑶,毕业院校,大连理工大学
伦斯勒理工大学,简称,RPI
数字电路知识与实践课堂,出版社,电子工业出版社
爱玩客,主持人,吴凤
白居易,字,乐天
贾从惠,民族,彝族
贾从惠,出生地,昆明
情非得已,歌手,庾澄庆
冰雨,作词,李密
冰雨,作曲,潘协庆
冰雨,歌手,刘德华
冰雨,作词,刘德华
冰雨,所属专辑,爱在刻骨铭心时
赫歇尔,国籍,英国
一秒钟两个世界,歌手,黎明
红喉厚嘴霸鹟,目,雀形目
重生一九九九,连载网站,起点中文网
重生一九九九,作者,遗夜知秋
五道口,所在城市,北京
维多利亚港,所在城市,香港
比乔,身高,178厘米
比乔,出生日期,1996年2月20日
比乔,出生地,西班牙
比乔,国籍,西班牙
广告策划,出版社,经济管理
广告策划,作者,任锡源
爱着你的人,所属专辑,心疼
爱着你的人,歌手,蔡小虎
一直陪我到现在,歌手,马健涛
狼烟,主演,杜雨露
狼烟,主演,傅程鹏
狼烟,主演,罗嘉良
狼烟,导演,苏舟
狼烟,主演,程愫
狼烟,主演,伊能静
狼烟,主演,殷桃
狼烟,主演,侯勇
狼烟,主演,徐洪浩
狼烟,主演,陈慧珊
狼烟,主演,巫刚
狼烟,主演,任柯诺
狼烟,主演,宁晓志
伯纳德·金,出生日期,1956年12月4日
伯纳德·金,出生地,美国纽约布鲁克林
伯纳德·金,国籍,美国
太阳总在左边,编剧,松太加
太阳总在左边,主演,罗后杰
太阳总在左边,主演,尕藏仁青
太阳总在左边,主演,益西兰周
太阳总在左边,导演,松太加
朱凤文,出生地,河南
朱凤文,出生日期,1954年1月
贪婪人性,作者,福林
贪婪人性,连载网站,纵横中文网
老乡见老乡,作曲,颂今
库埃瓦斯,出生日期,1988年6月4日
库埃瓦斯,出生地,阿根廷
库埃瓦斯,国籍,阿根廷
库埃瓦斯,出生地,布宜诺斯艾利斯
图克斯阿尔卑斯山脉,海拔,"2,886米"
高一分册-高中文言文领先阅读,作者,沈根元
沙存善,出生地,甘肃临夏
沙存善,民族,回族
沙存善,出生日期,1965年9月
顾全,出生日期,1992年4月2日
顾全,出生地,湖北
余成林,国籍,中国
余成林,出生地,安徽滁州
余成林,民族,汉族
余成林,出生日期,1968年2月
100分天天练小学应用题全1册,出版社,哈尔滨
100分天天练小学应用题全1册,作者,王红彦
上海人在东京,主演,阮丹宁
上海人在东京,主演,陈道明
上海人在东京,导演,张弘
上海人在东京,编剧,樊祥达
我开门诊二十年,出版社,中国中医药
我开门诊二十年,作者,王帮旺
马思纯,国籍,中国
马思纯,出生地,安徽省蚌埠市
马思纯,毕业院校,中国传媒大学
马思纯,出生日期,1988年3月14日
江泽慧,毕业院校,安徽农学院
江泽慧,毕业院校,安徽农学院林学系
早安，冬日海,主演,张子文
早安，冬日海,上映时间,2014年1月10日
早安，冬日海,导演,胡涵清
早安，冬日海,主演,钱泳辰
早安，冬日海,主演,任容萱
像兄妹一样手拉手,主演,周杰
像兄妹一样手拉手,主演,周一围
像兄妹一样手拉手,主演,杨若兮
像兄妹一样手拉手,导演,龚朝
像兄妹一样手拉手,主演,刘潇潇
网友世界精华本,出版社,中央编译出版社
马凤岗,字,超凡
重庆骏德意达汽车销售有限公司,成立日期,2004年
南宁朗轩医疗器械有限公司,成立日期,2010年04月25日
谢振轩,父亲,谢霆锋
谢振轩,出生日期,2007年8月2日
难忘岁月——红旗渠的故事,导演,都晓
四川建筑职业技术学院,简称,四川建院
宋濂,字,景濂
宋濂,民族,汉族
宋濂,号,龙门子
宋濂,出生日期,1310年11月4日
宋濂,号,潜溪
宋濂,号,玄真遁叟等
上海良时喷涂设备有限公司,成立日期,1993年
23号公寓的坏女孩第一季,导演,Jason
23号公寓的坏女孩第一季,主演,克里斯滕·蕊特
杨爱伦,出生地,台湾
杨爱伦,祖籍,广东
梅花档案,主演,苏瑾
梅花档案,主演,海清
梅花档案,导演,毛卫宁
梅花档案,主演,周杰
梅花档案,主演,董勇
爱是凝望又离开,作曲,陶喆
告别飞行,作曲,陶喆
告别飞行,作词,周启儿
告别飞行,所属专辑,爱是凝望又离开
告别飞行,歌手,陶喆
爱是凝望又离开,歌手,陶喆
广州量太环保科技有限公司,成立日期,2006年
匆匆那年,作词,林夕
匆匆那年,歌手,王菲
苟秉聪,毕业院校,吉林大学
李嫣,父亲,李亚鹏
王戎,朝代,三国
失恋33天,上映时间,2011年
体验长江,作者,步雨青
体验长江,出版社,云南人民出版社
建筑幕墙物理性能及检测技术,出版社,化学工业出版社
建筑幕墙物理性能及检测技术,作者,王洪涛
中央电视台,简称,CCTV
红旗渠的儿女们,主演,李芯逸
红旗渠的儿女们,主演,王宝强
红旗渠的儿女们,主演,陈思诚
红旗渠的儿女们,出品公司,中央电视台（CCTV）
王宝强,国籍,中国
贝振江,民族,满族
女大田力小,所属专辑,超级右脑
女大田力小,歌手,蔡旻佑
永淳公主,父亲,明睿宗
父老乡亲,歌手,范琳琳
石顺义,国籍,中国
父老乡亲,作词,石顺义
父老乡亲,作曲,王锡仁
欲练神功,作者,吴钩欺雪
欲练神功,连载网站,17k小说网
めんどくせー歌,所属专辑,きみひとつ
めんどくせー歌,歌手,游助
隐形的翅膀,歌手,张韶涵
黄苗子,妻子,郁风
郁风,妻子,黄苗子
郁风,丈夫,黄苗子
黄苗子,丈夫,郁风
桃大尾蚜,目,半翅目
女大三,连载网站,晋江文学城
女大三,作者,阳光温煦
鲁照华,毕业院校,中央音乐学院
鲁照华,出生地,河南省焦作市
鲁照华,出生日期,1996年11月11日
鲁照华,国籍,中国
刘中华,毕业院校,牡丹江市师范学校
横斑渔鸮,目,鸮形目
美拉尼,身高,177cm
美拉尼,出生日期,1977年6月23日
卡特,国籍,美国
弗雷德里克-维斯,身高,2.18M
共和国不会忘记,主演,王姬
共和国不会忘记,出品公司,广西电影制片厂
共和国不会忘记,主演,唐国强
共和国不会忘记,主演,穆宁
共和国不会忘记,编剧,田军利
共和国不会忘记,主演,郑在石
共和国不会忘记,主演,翟俊杰
共和国不会忘记,导演,翟俊杰
共和国不会忘记,主演,黄凯
傅海涛,出生日期,1993年
傅海涛,出生地,福建
包围,歌手,张杰
我这样的人哪里找,歌手,林志颖
我这样的人哪里找,作词,二鱼
我这样的人哪里找,所属专辑,去走走
我这样的人哪里找,作曲,二鱼
安徽省先越商贸有限责任公司,成立日期,2005年1月
马鞍山人民广播电台,成立日期,1958年7月
马鞍山人民广播电台,总部地点,马鞍山市雨山西路广电大厦
陈光标,国籍,中国
积分宝,董事长,王晓升
陈巧生,出生地,江苏
陈巧生,出生日期,1957年
陈巧生,字,彦岐
陈巧生,国籍,中国
陈巧生,号,炉香居士
巧生炉,国籍,中国
建军大业,主演,朱亚文
我们的法兰西岁月,主演,朱亚文
余顺团,出生地,云南盈江
余顺团,民族,汉族
余顺团,出生日期,1984年10月
难道爱你要等下辈子吗,歌手,安东
难道爱你要等下辈子吗,作曲,小星
难道爱你要等下辈子吗,所属专辑,安东单曲集
难道爱你要等下辈子吗,作词,小星
电工学（下）,作者,秦曾煌
电工学（下）,出版社,高等教育
唐人街,歌手,李宇春
风筝,主演,柳云龙
上海熊猫机器人科技有限公司,成立日期,2015年6月26日
郑呈轩,出生日期,1996年
郑呈轩,出生地,佛罗里达州迈阿密
沉默的远山,出品公司,北京红色世纪影视文化传播有限公司
沉默的远山,导演,郑克洪
沉默的远山,上映时间,2005年4月29日
浮沉,作者,崔曼莉
浮沉,出版社,陕西师范大学出版社
我要给你,所属专辑,无所不在
忧伤的河流,出版社,中国文联出版社
忧伤的河流,作者,乔宗玉
陈匡辉,毕业院校,江西农业大学
陈匡辉,民族,汉族
陈匡辉,国籍,中国
陈匡辉,出生地,江西南康
陈匡辉,出生日期,1964年9月
每当你抱着我,所属专辑,我们的故事
每当你抱着我,歌手,胡杨林
中国民间神谱,作者,乌丙安
中国民间神谱,出版社,辽宁人民出版社
眼蝶科,目,鳞翅目
罗丹黛眼蝶,目,鳞翅目
覃琼高,民族,壮族
覃琼高,出生地,广西上林县白圩镇黄村
刘秀,朝代,东汉
社会冲突的结构性来源,作者,张静
社会冲突的结构性来源,出版社,社科文献
幻城雪落无声,作者,月沉星汐
幻城雪落无声,连载网站,17k小说网
阿兰达蒂·洛伊,出生日期,1961年
尹军峰,毕业院校,浙江农业大学
名利场（上下册）,作者,萨克雷
名利场（上下册）,出版社,人民文学出版社
汉莎职业服饰,成立日期,1996年
王祖蓝,妻子,李亚男
李亚男,丈夫,王祖蓝
蒋先云,毕业院校,黄埔军校
权力的游戏,出品公司,HBO
废柴兄弟3,出品公司,爱奇艺
北京《新娘》杂志社有限公司,成立日期,2000-11-23
王亚明,毕业院校,华东理工大学
王亚明,国籍,中国
李敏慧,丈夫,张自忠
张自忠,妻子,李敏慧
故意,歌手,陈冠希
故意,作词,娃娃
花猫卷管螺,目,新腹足目
董学文,出生地,安徽天长
董学文,毕业院校,安徽省委党校
董学文,民族,汉族
董学文,出生日期,1963年2月
最终话,歌手,蔡依林
最终话,作词,阿信
舞娘,歌手,蔡依林
最终话,作曲,李偲菘
最终话,所属专辑,舞娘
天空之城（上海）实业有限公司,成立日期,2015年4月9日
黑口慈脂鲤,目,脂鲤目
北京紫光百会科技有限公司,成立日期,2005年
瞿式耜,号,耘野
瞿式耜,民族,汉族
瞿式耜,出生日期,1590年
瞿式耜,号,稼轩
瞿式耜,出生地,江苏常熟
未来之星在闪耀,作者,sky紫月out雨恋
未来之星在闪耀,连载网站,17k小说网
江小鱼,父亲,江枫
绝代双骄,作者,古龙
绝代双骄,主角,江小鱼
花月奴,丈夫,江枫
江枫,妻子,花月奴
天天向上,嘉宾,大张伟
冥主,作者,十星瓢虫
冥主,连载网站,17k小说网
盛士贵,出生日期,1926
狗,目,食肉目
让我鸳,所属专辑,起身叫我
让我鸳,歌手,王喜
乡村爱情,主演,小沈阳
本山传媒,董事长,赵本山
乡村爱情,主演,赵本山
一个人的七夕,歌手,祝健
吴宗宪,妻子,张葳葳
张葳葳,丈夫,吴宗宪
吴敏霞,丈夫,张效诚
张效诚,妻子,吴敏霞
斗鱼,歌手,齐秦
西游记之大圣归来,导演,田晓鹏
保湿，可以很容易,作者,陈洁
保湿，可以很容易,出版社,农村读物出版社
军中乐园,导演,钮承泽
军中乐园,主演,陈建斌
军中乐园,主演,万茜
军中乐园,主演,阮经天
军中乐园,主演,陈意涵
军中乐园,主演,王柏杰
深圳市软通供应链股份有限公司,成立日期,2002年
中医诊法经典,出版社,人民军医出版社
网王之驯服拽王子,连载网站,晋江文学网
网王之驯服拽王子,作者,在泪水里沉沦
陪伴者,歌手,刘若英
查莉成长日记第四季,导演,Koherr
查莉成长日记第四季,导演,Bob
甜蜜暴击,主演,鹿晗
甜蜜暴击,主演,关晓彤
吕庆春,出生日期,1967年
吕庆春,毕业院校,中国人民大学
吕庆春,出生地,四川蓬安
幽灵公主系列之一战场风暴,连载网站,17K小说网
幽灵公主系列之一战场风暴,作者,古巴比邻
梧桐妹,父亲,孙志浩
梧桐妹,母亲,贾静雯
尤利乌斯·恺撒,出生日期,公元前102年7月12日
尤利乌斯·恺撒,出生地,罗马
建筑防水新材料及防水施工新技术 （平装）,出版社,中国建筑工业出版社
建筑防水新材料及防水施工新技术 （平装）,作者,朱馥林
刘振辉,出生地,山东安丘
刘振辉,出生日期,1971年10月
神医喜来乐传奇,主演,金玉婷
我在国家计生委工作的1200天,作者,周伯萍
霸王别姬,主演,张国荣
约苏亚·加德纳,国籍,美国
蔡志豪,民族,侗族
蔡志豪,出生地,贵州玉屏
蔡志豪,出生日期,1975年5月
千金难买,所属专辑,奇迹 创世纪精选
千金难买,歌手,张宇
美丘,作者,石田衣良
美丘,编剧,石田衣良
刘志国,出生日期,1970年7月
樱坂近边物语,出品公司,富士电视台
王旖,出生日期,1996年06月04日
王旖,民族,汉族
张灵甫,毕业院校,北京大学
上虞市万事达麦业有限公司,成立日期,1998年
比沙利,国籍,巴西
杀狼,导演,杜波
杀狼,主演,曹云金
杀狼,主演,赵圆瑗
杀狼,导演,周军峰
曾是超人的男子,导演,郑允哲
曾是超人的男子,上映时间,2008年1月31日
曾是超人的男子,主演,黄政民
曾是超人的男子,主演,全智贤
穆氏无鳔鲉,目,鲉形目
眼斑连鳍[鱼衔],目,鲈形目
歌烬云裳,连载网站,17k小说网
歌烬云裳,作者,蝶舞云裳
白日梦想家,歌手,魏晨
喜羊羊与灰太狼之嘻哈闯世界,出品公司,广东原创动力文化传播有限公司
挡不住的奇迹,导演,汤姆·汉克斯
挡不住的奇迹,主演,汤姆汉克斯
神雕侠侣,主演,孙耀琦
神雕侠侣,出品公司,于正工作室
神雕侠侣,导演,于正
崔永元,出生日期,1963年2月20日
崔永元,祖籍,河北省衡水市武邑县
崔永元,毕业院校,中国传媒大学
崔永元,出生地,天津
武则天,朝代,唐朝
李世民,朝代,唐朝
李治,朝代,唐朝
李治,父亲,李世民
厦门联众智慧网络科技有限公司,成立日期,2015年12月14日
泰迪熊2,编剧,塞思·麦克法兰
泰迪熊2,导演,塞思·麦克法兰
刘敏,毕业院校,华中科技大学
膏方宝典,出版社,人民卫生
膏方宝典,作者,施仁潮
白龙马,歌手,林一佳
白龙马,所属专辑,爸爸给我讲故事
名侦探狄仁杰,主演,白客
李卫辞官,主演,温兆伦
李卫辞官,导演,鞠觉亮
杜正喜,出生地,甘肃武威
杜正喜,民族,汉族
喜,民族,汉族
陈涌海,毕业院校,北大
花儿朵朵,嘉宾,谢文婷
冥泣,作者,0黑色苹果0
冥泣,连载网站,17k小说网
青云创投,成立日期,2001年
康颂池,出生地,莱芜市莱城区
康颂池,出生日期,1957年11月
康颂池,民族,汉族
快乐大本营,主持人,谢娜
彭祖华,出生日期,1921年
公维春,出生日期,1964年1月
公维春,民族,汉族
黄梅戏经典唱段100首,出版社,安徽文艺出版社
黄梅戏经典唱段100首,作者,徐高生
女人的战争,主演,李勤勤
女人的战争,出品公司,上海云飞扬文化传播有限公司
女人的战争,主演,胡静
女人的战争,主演,潘虹
女人的战争,主演,王新军
女人的战争,导演,沈悦
抬头看见爱与老师的爱情,连载网站,17k小说网
抬头看见爱与老师的爱情,作者,龙七少爷
张科卿,国籍,中国
青春不够用,主演,东靖川
青春不够用,编剧,丁倩
青春不够用,编剧,佐曦
青春不够用,出品公司,北京大汗天下传媒有限公司
青春不够用,编剧,高海洋
青春不够用,主演,张宇鹏
青春不够用,主演,方飞
青春不够用,主演,王芳
青春不够用,导演,荆小尧
雅思平行阅读法,出版社,电子工业出版社
雅思平行阅读法,作者,张岳
与青春有关的日子,主演,白百何
邵圣艺,字,贡父
邵圣艺,号,仲游
李自成,出生地,陕西榆林
李自成,朝代,明末
余易陶,国籍,中国
余易陶,出生地,中国
余易陶,民族,汉族
余易陶,出生日期,1971年5月
企业管理文书写作,作者,郑明
企业管理文书写作,出版社,云南大学出版社
王登峰,民族,汉
王登峰,毕业院校,北京大学
王登峰,民族,汉族
王登峰,出生地,山东安邱
王登峰,出生日期,1965年2月
灰黄隐翅祝蛾,目,鳞翅目
现代汉语动词语义计算理论,出版社,北京大学出版社
现代汉语动词语义计算理论,作者,靳光瑾
雨神黄大仙,主演,谢贤
泉州市零点教育咨询有限公司,成立日期,2015年
美女与野兽,上映时间,2017年
今夕是何夕,作词,慎芝作
今夕是何夕,作曲,钮大可
北京永航科技有限公司,成立日期,2005年1月
丁经绪,出生地,吉林
丁经绪,出生日期,1937年9月28日
祁可欣,丈夫,吉星鹏
吉星鹏,妻子,祁可欣
王进升,出生地,澄城县城关镇
王进升,民族,汉族
王进升,出生日期,1954年11月
我独自生活,嘉宾,金光奎
我独自生活,嘉宾,金泰元
我独自生活,嘉宾,徐仁国
我独自生活,嘉宾,李成宰
我独自生活,嘉宾,卢洪哲
柴健医生事件簿,主演,相田翔子
柴健医生事件簿,主演,牧田哲也
柴健医生事件簿,主演,阵内孝则
柴健医生事件簿,编剧,田辺満
卡地亚,成立日期,1847
现代黑白摄影/现代摄影人丛书,作者,杨晓利
现代黑白摄影/现代摄影人丛书,出版社,中国工人出版社
有骨气,作曲,陈奂仁
有骨气,所属专辑,不是明星N.A.S.
卡联科技集团股份有限公司,成立日期,2006-02-17
约翰斯顿,出生日期,1973-12-14
约翰斯顿,身高,175厘米
景奕齐网络科技有限公司,成立日期,2016年05月23日
戴恒兵,出生日期,1968年3月
台湾往事,导演,崔亮
台湾往事,主演,刘以豪
台湾往事,主演,涩谷天马
嗜血王爷的冷情妃,连载网站,17k小说网
嗜血王爷的冷情妃,作者,舞女妖娆
最易上手流行钢琴超精选,作者,王球
最易上手流行钢琴超精选,出版社,湖南文艺出版社
陈庆炎,国籍,新加坡
列维奇谈判学,作者,罗伊·J·列维奇
列维奇谈判学,出版社,湛庐文化
列维奇谈判学,作者,布鲁斯·巴里
列维奇谈判学,作者,戴维·M·桑德斯
严伦,号,石樵
严伦,字,伦皆
严伦,出生地,广东顺德
蒋得曦,母亲,林姮怡
蒋友柏,父亲,蒋孝勇
蒋孝勇,父亲,蒋经国
蒋友柏,妻子,林姮怡
蒋经国,父亲,蒋介石
蒋得曦,父亲,蒋友柏
林姮怡,丈夫,蒋友柏
陈玲,毕业院校,清华大学
三毛流浪记续集,上映时间,1999
三毛流浪记续集,导演,徐银华
杨力,出生日期,1985年1月9日
杨力,国籍,中国
杨力,出生地,江苏南京
哑霸鹟,目,雀形目
深圳新达微轴承有限公司,成立日期,2001年
罗萌,毕业院校,阜新戏曲学校
浦江之东,主演,王雅捷
浦江之东,主演,刘小锋
浦江之东,主演,王学兵
浦江之东,导演,王文杰
浦江之东,主演,郑昊
一万个舍不得,作词,祁隆
一万个舍不得,作词,乐晴
一万个舍不得,作曲,祁隆
歌剧魅影,主演,杰拉德·巴特勒
歌剧魅影,主演,埃米·罗森
歌剧魅影,导演,乔·舒马赫
歌剧魅影,主演,帕特里克·威尔森
魂弹,连载网站,17k小说网
魂弹,作者,翻滚的杂草
喜剧之王,主演,周星驰
胜诉在美国,主演,江珊
胜诉在美国,主演,濮存昕
李方荣,出生地,广州市
李方荣,出生地,猎德村
李方荣,民族,汉族
李方荣,出生日期,1949年11月
我的警察爱人,连载网站,17K小说网
我的警察爱人,作者,恍惚之年
福原爱,丈夫,江宏杰
江宏杰,妻子,福原爱
金山,民族,汉族
何元凤,出生地,贵州福泉
一点双人秀 第一季,导演,Orton
杨鹏翔,民族,汉族
毛虫,目,鳞翅目
角福火山,作者,户川猪佐武
角福火山,出版社,上海人民出版社
蒋星华,国籍,中国
蒋星华,出生地,湖北公安
蒋星华,民族,汉族
蒋星华,出生日期,1968年9月
谎言的战争,编剧,后藤法子
谎言的战争,导演,三宅喜重
谎言的战争,出品公司,富士电视台
保险法新型疑难案例判解,作者,刘建勋
保险法新型疑难案例判解,出版社,法律出版社
新闻联播,主持人,李修平
鸽子与海,歌手,郭子
现代化新论续篇,出版社,北京大学出版社
现代化新论续篇,作者,罗荣渠
再说长江,上映时间,2006年
血手遮天,作者,疑似王
山西诚信市政,注册资本,4041万元
平安证券有限责任公司,总部地点,深圳
跳舞街,歌手,陈慧娴
跳舞街,作曲,Baker
跳舞街,作词,林敏聪
跳舞街,所属专辑,反叛
9天练会新型智能手机维修,出版社,机械工业出版社
9天练会新型智能手机维修,作者,韩雪涛
呼啸山庄,导演,威廉·惠勒
文章四家冯骥才,作者,冯骥才
天龙八部,主演,黄日华
哈兹里特散文选,作者,哈兹里特
哈兹里特散文选,出版社,百花文艺出版社
命运符号,歌手,李克勤
马大光,毕业院校,内蒙古医学院
欧洲19世纪美术,作者,张敢
欧洲19世纪美术,出版社,中国人民大学出版社
英美报刊选读（上）,作者,李泮池
英美报刊选读（上）,出版社,复旦大学
卫强,出生地,河南宜阳
卫强,民族,汉族
卫强,出生日期,1965年3月
莫向松,出生地,宜宾
莫向松,毕业院校,成都农业科技职业学院
人体蜈蚣,导演,汤姆·希克斯
龙飞系列,连载网站,起点中文网
龙飞系列,作者,黑夜守护者
公主小妹,主演,张韶涵
公主小妹,主演,飞轮海
范柏仁,国籍,加拿大
李仙蕙,出生日期,685年
李仙蕙,朝代,唐
Unnatural,主演,石原里美
影子身份,歌手,陈娟儿
影子身份,作词,郑建浩
会计基础,出版社,经济科学
税务干部会计基础简明读本,出版社,经济科学出版社
税务干部会计基础简明读本,作者,张文泉
雨夜花,作词,周添旺
锡安凤头百灵,目,雀形目
陆贞传奇,主演,陈晓
第一种危机,主演,冯绍峰
第一种危机,主演,王庆祥
第一种危机,导演,王永
第一种危机,主演,李小璐
郭麒麟,父亲,郭德纲
中国天蛾,目,鳞翅目
疯狂先生,上映时间,2015年9月23日
汇率风险管理手册（上下）,作者,赵玲华
汇率风险管理手册（上下）,出版社,中国轻工业出版社
立邦,成立日期,1881
立邦,总部地点,新加坡
姆巴东·埃马纽埃尔,国籍,加蓬
天津世纪天龙生物科技有限公司,成立日期,2013年06月05日
胡可,丈夫,沙溢
沙溢,妻子,胡可
欧若拉,歌手,张韶涵
十年,作词,林夕
时光倒流二十年,作曲,伍乐城
时光倒流二十年,歌手,陈奕迅
时光倒流二十年,作词,林夕
小可怜虫海因里希,出版社,湖南少年儿童出版社
热带大雕,目,隼形目
北京水旱灾害,出版社,中国水利水电出版社
北京水旱灾害,作者,北京市水利局
东坡易传,作者,苏轼
刘德华,妻子,朱丽倩
朱丽倩,丈夫,刘德华
奶牛美女,主演,阿曼达·米夏卡
奶牛美女,主演,艾莉森·米夏卡
奶牛美女,导演,弗朗西尼·麦克道格尔
万水千山总是情,主演,谢贤
王明华,丈夫,梅兰芳
梅兰芳,妻子,王明华
冯小刚,妻子,徐帆
徐帆,丈夫,冯小刚
龙凯,出生日期,1978年
龙凯,民族,汉族
龙凯,出生地,河南省
你的名字我的姓氏,歌手,张学友
你的名字我的姓氏,作词,林夕
羽化成碟,连载网站,17k小说网
羽化成碟,作者,samn
业外杂谭录,作者,陈存仁
业外杂谭录,出版社,广西师范大学出版社
李觉,国籍,中国
粉末,歌手,李宇春
叶列平,出生地,浙江省
叶列平,出生日期,1960年
叶列平,出生地,温州
张宗逊,毕业院校,黄埔军校
张宗逊,国籍,中国
白米酒,歌手,巴奈
白米酒,作曲,部落流传歌谣
白米酒,作词,部落流传歌谣
白米酒,所属专辑,勇士与稻穗
沉醉风尘,作者,月上梢头
沉醉风尘,连载网站,起点中文网
李晨,出生地,湖南湘乡
李晨,出生日期,1920年6月
蒲家宁,出生日期,1934
蒲家宁,出生地,四川省江津
丁寿昌,字,乐山
丁寿昌,出生日期,1826年
丁寿昌,出生地,安徽合肥
埃夫戈尼·阿尔多宁,出生日期,1980年1月22日
阿尔多宁,国籍,俄罗斯
赵树福,毕业院校,辽阳师范学校
赵树福,国籍,中国
赵树福,出生日期,1968年2月
赵树福,民族,汉族
封神榜,上映时间,1990年
八十年代的歌,歌手,赵雷
八十年代的歌,作曲,赵雷
八十年代的歌,作词,赵雷
八十年代的歌,所属专辑,无法长大
钩翅舟蛾,目,鳞翅目
带纹钩翅舟蛾,目,鳞翅目
千与千寻,导演,宫崎骏
王缄,出生地,雍州咸阳
王缄,祖籍,琅琊临沂
我要去泰国,作曲,郝云
我要去泰国,所属专辑,北京
我要去泰国,歌手,郝云
我要去泰国,作词,郝云
审美现代性视野下的林语堂,出版社,吉林大学出版社
审美现代性视野下的林语堂,作者,董燕
我家也是面包店,作者,藤田千秋
我家也是面包店,出版社,台湾东贩
女儿在英国上学这几年,作者,刘建国
女儿在英国上学这几年,出版社,电子工业出版社
王锦丰,出生日期,1930年12月
王锦丰,民族,汉族
王锦丰,出生地,河北省乐亭县
高铁刚,出生日期,1980年
我管你,歌手,华晨宇
我管你,作曲,华晨宇
裸体之夜,导演,石井隆
裸体之夜,主演,竹中直人
石井隆,国籍,日本
裸体之夜,主演,田口智朗
裸体之夜,主演,根津甚八
多情女人痴情男,主演,陈浩民
多情女人痴情男,导演,裘立新
多情女人痴情男,主演,贾青
昆士兰科技大学,简称,QUT
浙江恒达纸业有限公司,注册资本,5500万元
高效管理Windows网络/Win32 Perl应用之道,出版社,中国青年出版社
高效管理Windows网络/Win32 Perl应用之道,作者,Dave
伊人来自未来,作者,色醉
伊人来自未来,连载网站,起点中文网
傻子的约定,歌手,迪克牛仔
360,成立日期,2005年11月
程云海,出生日期,1938年5月
程云海,出生地,沈阳
轻狂至尊,作者,神浴风尘
轻狂至尊,连载网站,17K小说网
青春不下线,导演,熊琛
钱嘉徵,字,孚于
钱嘉徵,出生日期,1589
钱嘉徵,出生地,海盐
刑名师爷3,作者,沐轶
刑名师爷3,出版社,长江文艺出版社
万水千山纵横,歌手,关正杰
轩辕剑之天之痕,主演,古力娜扎
轩辕剑之天之痕,主演,胡歌
轩辕剑之天之痕,主演,刘诗诗
轩辕剑之天之痕,主演,唐嫣
石杭燕,毕业院校,浙江大学
顾横波,出生日期,1619年
顾横波,号,横波
顾横波,出生地,应天府上元县
顾横波,字,眉生
陈松年,父亲,陈独秀
邓涵一,父亲,邓超
邓涵一,出生日期,2014年5月
最好的安排,歌手,曲婉婷
最好的安排,作词,尹约
最好的安排,作词,曲婉婷
最好的安排,作曲,曲婉婷
神皇纪元,作者,拾一
神皇纪元,连载网站,起点中文网
星战童话,连载网站,起点中文网
星战童话,作者,傲世孤星
终止的开始,所属专辑,destination
终止的开始,歌手,张柏芝
家风,作词,黄石
家风,作词,秦阳
家风,歌手,汤非
家风,作曲,孟文豪
霹雳侠影之轰动武林,上映时间,2013年1月12日
下一站天后,歌手,Twins
黄金鬼捕,作者,夜凉皮
黄金鬼捕,连载网站,17k小说网
龚勉,出生日期,1536
龚勉,字,子勤
征服,歌手,那英
一笑而过,歌手,那英
异界之天灵界,作者,暗影沉萧
异界之天灵界,连载网站,17K小说网
谢谢你,歌手,张智霖
张智霖,出生地,香港
谢谢你,所属专辑,《逗我开心吧》
当今国外公务员制度,出版社,上海交通大学出版社
当今国外公务员制度,作者,吴志华
福康安,朝代,清朝
求婚大作战,主演,张艺兴
审计风险管理,作者,管劲松
审计风险管理,出版社,经贸大学
赵玉吉,妻子,宋丹丹
宋丹丹,丈夫,赵玉吉
无问西东,主演,黄晓明
关云长,歌手,曾经艺也
重生之王牌特警,连载网站,17k小说网
重生之王牌特警,作者,风中吹过的残沙
玄变天下,作者,红烧虫虫
彭伊娜,母亲,陈平
爱新觉罗·旻宁,父亲,嘉庆
爸我回来了,歌手,周杰伦
重铸文明,作者,毁灭超新星
墨西哥湾冠鳞单棘鲀,目,鲀形目
第一超模,主持人,尚雯婕
吴悠,国籍,中国
吴悠,毕业院校,北京体育大学
被驯服的象,歌手,蔡健雅
被驯服的象,作词,小S
我所爱的香港,作者,林夕
野村直邦,国籍,日本
爱的被告,导演,Krit
佩皮尼昂,气候,地中海气候
新上海滩,上映时间,1996
苏扬,民族,汉族
苏扬,出生地,江苏扬州
苏扬,出生日期,1969年10月
三国之父子骄雄,作者,梁错
三国之父子骄雄,连载网站,17k小说网
朴芷垠,身高,168cm
朴芷垠,出生日期,1979年3月6日
朴芷垠,出生地,韩国
杨栋,出生日期,1972年5月
杨栋,出生地,甘肃临洮
杨栋,民族,汉族
杨栋,国籍,中国
辩护律师,制片人,Silverman
辩护律师,上映时间,1986年9月20日
辩护律师,制片人,Fred
帝王归来,作者,御用天果
帝王归来,连载网站,纵横中文网
一朵鲜花鲜又鲜,所属专辑,天后
一朵鲜花鲜又鲜,歌手,宋祖英
袖手旁观,作曲,黄国伦
袖手旁观,歌手,齐秦
袖手旁观,歌手,萧敬腾
袖手旁观,作词,姚谦
袖手旁观,所属专辑,Reminiscence
何世璂,字,澹庵
何世璂,号,铁山
何世璂,出生日期,1666
何世璂,出生地,山东新城县陈庄
韩景昌,民族,汉族
韩景昌,出生地,江西省赣县大埠乡韩村
韩景昌,出生日期,1945年11月1日
中国石油大学附属中学,简称,石大附中
马胜利,国籍,中国
走近法兰西,作者,马胜利
走近法兰西,出版社,中国社会科学出版社
走近法兰西,作者,郑秉文
爱的路上我和你,作曲,筒美京平
爱的路上我和你,作词,孙仪
我是为你好,所属专辑,春风少年兄
我是为你好,歌手,林强
她眼中的UFO,导演,郭小橹
申臻炳,出生日期,1980年2月
申臻炳,民族,汉族
申臻炳,出生地,凌云县泗城镇
纵神,作者,释迦织鱼
纵神,连载网站,纵横中文网
重读张爱玲,作者,李欧梵
重读张爱玲,出版社,上海书店出版社
重读张爱玲,作者,刘绍铭
重读张爱玲,作者,陈建华
重读张爱玲,作者,夏志清
尤奎,出生日期,1933年
尤奎,出生地,浙江嘉兴
尤奎,国籍,中国
孽阳,作者,茅月
孽阳,连载网站,17K小说网
大众汽车,总部地点,德国沃尔夫斯堡
大众集团,总部地点,德国沃尔夫斯堡
兔儿岭,作者,贺绪林
兔儿岭,出版社,太白文艺出版社
绣春刀,上映时间,2014年
深夜前的五分钟,主演,刘诗诗
给力星期天,主持人,俞灏明
强制执行,主演,左翎
强制执行,主演,高明
强制执行,导演,沈涛
强制执行,主演,刘佩琦
强制执行,上映时间,2004年
强制执行,编剧,沈涛
强制执行,主演,舒萧霖
浙江衢州潮峰投资有限公司,注册资本,1000万元
浙江衢州潮峰投资有限公司,总部地点,浙江省衢州市
浙江衢州潮峰投资有限公司,成立日期,2001年10月
我的心里没有他,作词,方忭
我的心里没有他,歌手,凤飞飞
跆拳道与肚皮舞,主演,王皓祯
跆拳道与肚皮舞,主演,郝劭文
跆拳道与肚皮舞,导演,杜海朋
跆拳道与肚皮舞,制片人,高伟伦
国外著名设计事务所在中国丛书·gmp,出版社,世建图书发行
玛格,成立日期,2004
国外著名设计事务所在中国丛书·gmp,作者,冯·格康
赵晓波,国籍,中国
国外著名设计事务所在中国丛书·gmp,作者,玛格及合作者建筑事务所
将爱情进行到底,主演,徐静蕾
将爱情进行到底,导演,张一白
将爱情进行到底,主演,王学兵
将爱情进行到底,主演,李亚鹏
张亚东,民族,汉族
张亚东,出生地,湖南
张亚东,出生日期,1963年5月
Grozev Emil,国籍,保加利亚
烟雨花,作者,海棠仙仙
烟雨花,连载网站,17K小说网
微加幸福,歌手,郁可唯
微加幸福,作词,瑞业
微加幸福,作曲,许约咏
少年爱姑娘,歌手,邓丽君
方媛,丈夫,郭富城
郭富城,妻子,方媛
A计划,导演,王晶
朴信惠,毕业院校,中央大学
五星大饭店,主演,张峻宁
张峻宁,毕业院校,上海戏剧学院
中文版AutoCAD 2006上机操作实训,作者,梁斌
中文版AutoCAD 2006上机操作实训,出版社,清华大学出版社
攻心式销售,作者,博斯沃斯
攻心式销售,出版社,中国财政经济出版社
社会文化人类学的关键概念,作者,奈杰尔·拉波特
社会文化人类学的关键概念,出版社,华夏出版社
孙学军,出生地,陕西蒲城
张欣,丈夫,潘石屹
潘石屹,妻子,张欣
说爱你,所属专辑,看我72变
说爱你,歌手,蔡依林
刘海粟,妻子,夏伊乔
夏伊乔,丈夫,刘海粟
异界血色修罗,连载网站,17K小说网
异界血色修罗,作者,5月飞雪
大江东去,作者,阿耐
同门往事,出品公司,上海广播电视台
同门往事,主演,贾一平
同门往事,主演,李艳
同门往事,导演,宋业明
同门往事,主演,邵峰
同门往事,主演,梁缘
肖福英,毕业院校,同济医科大学
重生做贾赦,连载网站,晋江文学网
重生做贾赦,作者,明月楼高
千娇百媚,导演,陶秦
陈元光,父亲,陈政
来吧，我们一起发现河流,出版社,广西美术出版社
藤本祐介,身高,178cm
藤本祐介,国籍,日本
藤本祐介,出生日期,1975年7月22日
福建腾龙鞋业有限公司,成立日期,2004年11月15日
李克熙,民族,汉族
李克熙,出生地,四川蒲江县
李克熙,出生日期,1929年11月
相思垢,所属专辑,星月神话
陆新育,出生日期,1935年3月
陆新育,出生地,江苏南京
郑板桥,主演,王喜
郑板桥,主演,黎姿
郑板桥,制片人,林志华
郑板桥,主演,胡杏儿
郑板桥,主演,陈松伶
阚兴中,毕业院校,武汉水利电力大学
基因的分子生物学,作者,杨业华
基因的分子生物学,出版社,高等教育
网王迷迭,作者,枫卷婵云
网王迷迭,连载网站,晋江文学城
神雕侠侣,主演,古天乐
神雕侠侣,出品公司,香港电视广播有限公司
神雕侠侣,主演,李若彤
嫡女闹翻天,连载网站,起点网
嫡女闹翻天,作者,胖瘦子货货
近猪者吃,连载网站,起点中文网
近猪者吃,作者,大盗九九
逝去了的青春,作者,迷茫的青年
逝去了的青春,连载网站,17K小说网
曙光,歌手,韦礼安
曙光,所属专辑,有所畏
焦作市真节能干燥设备研发有限公司,成立日期,1991年
泡沫恋情,歌手,方文琳
重新爱过,歌手,方文琳
重新爱过,所属专辑,泡沫恋情
任永胜,毕业院校,中国人民公安大学
任永胜,民族,汉族
任永胜,国籍,中国
任永胜,出生地,安徽亳州
任永胜,出生日期,1971年2月
海盗公爵2,出版社,九星文化
北京动力源科技股份有限公司,总部地点,北京
河北天慧隆商贸有限公司,成立日期,2015年10月26日
赢天下,主演,范冰冰
武则天秘史,主演,郑爽
李密,祖籍,辽东襄平
李密,出生地,长安
高明学术论集,出版社,上海古籍出版社
甄嬛传,主演,陈建斌
回应,歌手,陈翔
回应,所属专辑,初告白
就当我们的爱不曾发生过,歌手,潘美辰
就当我们的爱不曾发生过,所属专辑,为何爱情让我痛
旧事浅啜,连载网站,晋江文学城
旧事浅啜,作者,雅煜
变形金刚,导演,迈克尔·贝
工商管理中的定量分析方法,出版社,同济大学出版社
工商管理中的定量分析方法,作者,孙昌言
潘黼,父亲,潘庭坚
潘庭坚,字,章甫
我们都是好孩子,作词,王筝
我们都是好孩子,作曲,王筝
之所以是你我,作曲,卢凯彤
是你,作词,林夕
之所以是你我,作词,林夕
之所以是你我,歌手,卢凯彤
赵善括,出生地,江西隆兴
郁继华,民族,汉族
郁继华,出生地,江苏省无锡市
郁继华,出生日期,1961年11月
杨维桢,字,廉夫
花海,歌手,周杰伦
我与我自己的二三事,作者,英培安
我与我自己的二三事,出版社,唐山出版社
待嫁老爸,主演,王志文
待嫁老爸,主演,刘蓓
待嫁老爸,导演,曹慧生
待嫁老爸,出品公司,东阳福添影视
待嫁老爸,主演,陈好
待嫁老爸,主演,朱丹
牧鱼人,导演,沙丽琼
牧鱼人,上映时间,2011年
牧鱼人,主演,巴多
牧鱼人,主演,元琛
有你陪着我,作词,于光中
有你陪着我,歌手,安又琪
有你陪着我,作曲,D.A.I
安康市档案学会,成立日期,1986年8月22日
想念你,作词,金志文
想念你,所属专辑,兄弟小文
想念你,歌手,金志文
想念你,作曲,金志文
航班蛇患,导演,大卫·R·艾里斯
鲨鱼惊魂夜3D,导演,大卫·R·艾里斯
无所适从的荷尔蒙,出版社,团结
最详尽的阳台种菜教科书,作者,藤田智
未生,导演,金元锡
春光曲,所属专辑,我的蔡琴我的情
春光曲,歌手,蔡琴
大沼枕山,出生日期,1818年4月24日
程进,民族,汉族
程进,出生地,辽宁凤城
程进,出生日期,1954年3月
蔡畅,母亲,葛健豪
邱银芬,出生地,广东潮州
邱银芬,身高,1.76M
邱银芬,出生日期,1987年1月
关燕仪,毕业院校,广东艺术师范学校音乐专业
曾明德,出生地,四川省邛崃市
曾明德,民族,汉族
曾明德,出生日期,1943年5月
陈学京,民族,汉族
明天更美丽,主演,翁家明
落单,歌手,范玮琪
落单,作曲,郑宇界
落单,所属专辑,范范的感恩节
落单,作词,周剑光
落单,作词,葛大为
我的失忆男友,主演,古天乐
我的失忆男友,主演,应采儿
康熙,朝代,清代
张廷玉,祖籍,安徽桐城
中国药膳良方,出版社,中国中医药出版社
郑培明,出生日期,1899年
大路朝东,出品公司,最高人民检察院影视中心、上海鑫竹影视文化传媒有限公司
利星行,成立日期,1994年10月
山水醉了咱赫哲人,歌手,郭颂
山水醉了咱赫哲人,作词,王德
山水醉了咱赫哲人,作曲,郭颂
山水醉了咱赫哲人,作词,毛撬
山水醉了咱赫哲人,作曲,广富
大江东去,主演,戚迹
大江东去,主演,李依晓
大江东去,主演,邵汶
大江东去,主演,于越
大江东去,出品公司,中央电视台、中国电视剧制作中心有限责任公司、重大题材办
大江东去,导演,胡玫
汇璞（上海）投资管理有限公司,成立日期,2014年3月27日
Chef~三星级营养午餐~,编剧,滨田秀哉
Chef~三星级营养午餐~,导演,森胁智延
Chef~三星级营养午餐~,导演,平野真
Chef~三星级营养午餐~,出品公司,富士电视台
Chef~三星级营养午餐~,主演,天海佑希
Chef~三星级营养午餐~,导演,田中亮
赵建国,出生日期,1962年7月
赵建国,出生地,安徽无为
猎人传奇,所属专辑,冷漠与温柔
猎人传奇,歌手,任贤齐
伊春市南岔区人民法院,成立日期,1964年
许晴,国籍,中国
许晴,出生日期,1969年1月22日
许晴,出生地,北京
阮有镒,出生日期,1603年
阮有镒,国籍,越南
犬神家族,主演,石坂浩二
犬神家族,主演,松岛菜菜子
重生之恍然十年,作者,暮色喧嚣
重生之恍然十年,连载网站,晋江文学网
刑警兄弟,上映时间,2016年4月22日
刑警兄弟,主演,曾志伟
刑警兄弟,主演,金刚
刑警兄弟,导演,戚家基
刑警兄弟,主演,黄宗泽
成都藏蓉医药科技有限公司,成立日期,2009年1月
成都藏蓉医药科技有限公司,总部地点,成都市昭觉寺南路119号融锦城
盲游蚓科,目,蚓螈目
夺命解码,上映时间,2001年
逃学威龙,导演,陈嘉上
走路回家,作词,黄婷
走路回家,作曲,张简君伟
走路回家,作词,陈没
走路回家,歌手,品冠
剧场灵发来的邀请函,导演,中田秀夫
真的没关系,作词,亦勋
真的没关系,歌手,亦勋
绝命错杀令,导演,帕特·普罗夫
帕特·普罗夫,国籍,美国
王学勇,毕业院校,河北林学院
王学勇,出生地,河北省临漳县
王学勇,民族,汉族
林学专业,修业年限,四年
王学勇,出生日期,一九七〇年一月
最好的我们,主演,谭松韵
最好的我们,主演,王栎鑫
心语,作词,陈涛
云雾丽翅尺蛾,目,鳞翅目
武丁,朝代,商朝
赵涓涓,毕业院校,太原理工大学
养猪窍门百问百答,出版社,中国农业出版社
午夜凶铃,主演,松岛菜菜子
午夜凶铃,主演,中谷美纪
午夜凶铃,主演,真田广之
午夜凶铃,主演,佐藤仁美
午夜凶铃,主演,竹内结子
马云内部讲话：相信明天,作者,阿里巴巴集团
马云内部讲话：相信明天,出版社,红旗出版社
别去的天空,所属专辑,了解你的所有
别去的天空,歌手,陈晓东
辉耀九州,连载网站,起点中文网
辉耀九州,作者,一剑飘红的六天
山不转水转,歌手,那英
网络整合营销传播,作者,姜旭平
网络整合营销传播,出版社,清华大学出版社
热爱,歌手,郑钧
天启镇魂曲,作者,凤岐
宫下未纪,国籍,日本
宫下未纪,出生日期,7月16日
少林僧兵,主演,李曼
少林僧兵,主演,李铭顺
少林僧兵,导演,李惠民
少林僧兵,主演,洪金宝
少林僧兵,主演,崔林
我是你的眼,主演,罗昱焜
勿念的家,作者,崆峒广成子
勿念的家,连载网站,17K小说网
小牛向前冲,编剧,袁志发
小牛向前冲,导演,蔡志军
甘肃江能医药科技集团,董事长,杨彦昌
曾廷泉,字,汉水
曾廷泉,出生日期,1890年
曾廷泉,出生地,菲律宾
黑夜的皇帝,作者,冥影
黑夜的皇帝,连载网站,17K小说网
台湾往事,制片人,左小青
偷宫换后,作者,千秋雪
偷宫换后,出版社,湖南人民出版社
平鳍鳅亚科,目,鲤形目
江心坡,面积,27000平方公里
烟蚜,目,同翅目
他是如何说服听众的,出版社,国际文化
他是如何说服听众的,作者,金炅泰
阿龙的故事,导演,梁家仁
蔡金乐,出生日期,1941年
蔡金乐,祖籍,广东省揭阳市揭东县
蔡金乐,出生地,泰国
韦小宝,母亲,韦春花
不灭神道,作者,一梦几春秋
不灭神道,连载网站,17K小说网
告白气球,歌手,周杰伦
牛树柏,民族,汉族
牛树柏,出生日期,1954年
中国军阀的最后结局,出版社,华文出版社
黄祥鹭,毕业院校,哈尔滨工业大学
黄祥鹭,出生日期,1941年2月
深圳市潮商东部投资有限公司,成立日期,2010年09月26日
为了书籍的人,出版社,上海人民出版社
四川良美装饰工程有限公司,成立日期,2003年9月9日
李畅,出生日期,1962年2月
李畅,民族,汉族
李畅,出生地,江苏连云港
康熙来了,主持人,蔡康永
康熙来了,主持人,徐熙娣
二分之一美少年,导演,辛巨擘
李春茂,出生日期,1903
李春茂,出生地,海南
无家可归的中学生,导演,古厩智之
无家可归的中学生,主演,小池彻平
无家可归的中学生,主演,池胁千鹤
赵振宣,出生地,安徽
赵振宣,民族,汉族
连山民歌集成,出版社,广东人民出版社
纽读（上海）网络科技有限公司,注册资本,1188万元人民币
佟大为,妻子,关悦
关悦,丈夫,佟大为
小年兽的好爸爸,出版社,福建少年儿童出版社
约瑟夫熊彼特,作者,埃斯本·安德森
山原长臂金龟,目,鞘翅目
骊声,歌手,张艾嘉
张兆英,字,枚臣
下一站幸福,出品公司,三立电视台
下一站幸福,上映时间,2009年10月4日
下一站幸福,出品公司,台湾电视公司
王超,出生日期,1969年11月
王超,出生地,中国
王超,民族,汉族
于成松,国籍,中国
抱着你也觉得冷,歌手,欢子
抱着你也觉得冷,所属专辑,我们回不去了
夏洛特烦恼,导演,彭大魔
夏洛特烦恼,导演,闫非
夏洛特烦恼,主演,沈腾
夏洛特烦恼,编剧,闫非
夏洛特烦恼,编剧,彭大魔
宝马博物馆,面积,5000平方米
贵州毅恩商贸有限公司,成立日期,2014年4月
隋唐五代小说史,出版社,浙江古籍出版社
一生做个好人,作者,齐格蒙德·莫里兹
一生做个好人,出版社,人民文学出版社
柴荣,朝代,后周
朝日大辅,出生地,广岛县
中和融信融资租赁有限公司,成立日期,2015-05-07
公共马车,出版社,辽宁少年儿童出版社
公共马车,作者,莫里斯
公共马车,作者,戈西尼
高高的白杨,作曲,王洛宾
高高的白杨,作词,王洛宾
龙骨坡遗址,面积,1300平方米
废土传奇之最强斩客,作者,肥肥吐黑烟
废土传奇之最强斩客,连载网站,17K小说网
没你的城市,歌手,吴宗宪
没你的城市,作词,吴宗宪
没你的城市,所属专辑,吴宗宪的台语歌
没你的城市,作曲,黄韦翔
上海罗氏制药有限公司,成立日期,1994年
玉山荫蝶,目,鳞翅目
甄嬛传,导演,郑晓龙
李靖,朝代,唐朝
天上掉下个林妹妹,作曲,张超
天上掉下个林妹妹,作词,张超
天上掉下个林妹妹,歌手,自由派对
浙江大学,简称,浙大
女娲山景区,占地面积,62平方公里
高级动物,歌手,窦唯
高级动物,所属专辑,黑梦
高级动物,作曲,窦唯
高级动物,作词,窦唯
我在民间救援队的神秘经历,连载网站,起点中文网
张之洞,字,孝达
张之洞,出生日期,1837
张之洞,号,香涛
越光宝盒,主演,孙俪
越光宝盒,导演,刘镇伟
景天山卷蛾,目,鳞翅目
窦文涛,国籍,中国
中国达人秀第四季,嘉宾,黎明
中国达人秀第四季,嘉宾,窦文涛
伊能静,国籍,中国
若琳,作曲,孙佳欢
若琳,歌手,刘孟哲
若琳,作词,郭乃军
我叫小沈阳,歌手,小沈阳
我的好兄弟,作曲,高进
我的好兄弟,歌手,小沈阳
十月围城,编剧,卞智弘
眼泪知道,歌手,温岚
眼泪知道,所属专辑,有点野
朱竞,出生日期,1961
碧血洗银枪,编剧,古龙
玩具之旅,作者,王连海
玩具之旅,出版社,中国旅游出版社
中学生应急避险读本,出版社,北京出版社
重生之我们都是好孩子,作者,翻飞的记忆
李铁,妻子,张泉灵
张泉灵,丈夫,李铁
旋茎舟蛾,目,鳞翅目
成都九正科技实业有限公司,成立日期,2000年
成都九正科技实业有限公司,简称,成都九正传媒
素尾鹰[鱼翁],目,鲈形目
红岩,导演,何群
悲恋再续,编剧,希瑟·米切尔
杨念祖,毕业院校,天主教辅仁大学
索迪斯集团,总部地点,法国
索迪斯集团,成立日期,1966年
公仪休,朝代,春秋时期
老男孩,主演,雷佳音
老男孩,主演,胡先煦
老男孩,主演,刘烨
老男孩,导演,刘俊杰
老男孩,主演,林依晨
老男孩,主演,郭姝彤
老男孩,主演,李建义
布鲁诺,出生日期,1990-05-24
布鲁诺,国籍,西班牙
汪洋中的一条船,作者,郑丰喜
我从新疆来,导演,库尔班江·赛买提
赛买提,民族,维吾尔族
我从新疆来,编剧,库尔班江·赛买提
我从新疆来,主演,佟丽娅
赤色人鬼恋,主演,金喜善
赤色人鬼恋,主演,李成宰
赤色人鬼恋,导演,李光勋
赤色人鬼恋,主演,车胜元
花腔女高音中国声乐曲选集,作者,韩昌梅
花腔女高音中国声乐曲选集,出版社,人民教育出版社
刘体重,号,梅坪
刘体重,字,子厚
刘体重,出生地,山西赵城
刘体重,出生日期,1770
脂肪肝四季饮食,作者,肖守贵
脂肪肝四季饮食,出版社,辽宁科技出版社
公共关系实践与案例,出版社,电子工业
公共关系实践与案例,作者,马可尼
相思泪,歌手,陈倩倩
高阳公主,作者,赵玫
昆仑及南海古代航行考,作者,费琅
昆仑及南海古代航行考,出版社,中华书局
何超贤,父亲,何鸿燊
何超贤,母亲,黎婉华
北京北京,歌手,汪峰
新东方,创始人,俞敏洪
唐春松,出生地,广西全州
唐春松,出生日期,1966年4月
唐春松,民族,汉族
双棕榈树酒店,总部地点,普吉
浮生断,连载网站,17K小说网
浮生断,作者,苏念和
安妮·霍尔,主演,伍迪·艾伦
每一分钟都愿能见你,所属专辑,如此这般想你
每一分钟都愿能见你,歌手,张智霖
每一分钟都愿能见你,作词,林振强
孙伯翔谈艺录,出版社,天津人美出版社
孙伯翔谈艺录,作者,刘运峰
通灵珠,作者,左手成仙
通灵珠,连载网站,起点网
亲爱的安德烈,作者,龙应台
襄阳创盈财富投资管理有限公司,成立日期,2015年01月04日
逍遥游,作曲,小旭游戏
逍遥游,作词,俊
青春为谁狂,连载网站,酷匠网
青春为谁狂,作者,小苹果
诱情转驳,编剧,刘枝华
诱情转驳,制片人,徐遇安
诱情转驳,主演,蒙嘉慧
诱情转驳,主演,陈法拉
诱情转驳,主演,马浚伟
黑客帝国,导演,沃卓斯基兄弟
异世修道录,作者,如若初见77
异世修道录,连载网站,纵横中文网
公路工程水质分析试验操作指南,作者,张留俊
公路工程水质分析试验操作指南,出版社,西北工业大学出版社
汉武帝,父亲,汉景帝
流向巴黎,作词,吴向飞
赛尔号-闪光皮皮传,作者,joy赛尔
赛尔号-闪光皮皮传,连载网站,17k小说网
权利话语,作者,玛丽·安·格伦顿
权利话语,出版社,北京大学出版社
阿克苏诺贝尔,成立日期,1969年
创意传播管理,作者,陈刚
万国鼎,毕业院校,金陵大学
韦恩·亨尼西,出生日期,1987年1月24日
韦恩·亨尼西,国籍,威尔士
亨尼,国籍,威尔士
亨尼,出生日期,1987年1月24日
巴图,母亲,宋丹丹
微软,成立日期,1975
钗头凤,作词,陆游
钗头凤,作者,陆游
白川英树,毕业院校,东京工业大学
往事并不如烟,作词,周耀辉
往事并不如烟,歌手,蔡卓妍
还珠格格,编剧,琼瑶
星星点灯,歌手,郑智化
赵正东,民族,汉族
赵正东,毕业院校,西南政法大学
赵正东,出生地,云南东川
赵正东,出生日期,1970年12月
阿郎在北京,导演,安战军
阿郎在北京,导演,李小龙
恋爱时代,上映时间,1998年
南湖街道,成立日期,1983年12月
张国强,毕业院校,黑龙江省艺术学校
匡贤明,国籍,中国
匡贤明,民族,汉族
匡贤明,出生地,中国
尹文,出生地,湖南常宁市
尹文,出生日期,1963年1月
尹文,民族,汉族
黄飞鸿,父亲,黄麒英
梁德懿,出生地,西夏
富阳安格斯机械有限公司,总部地点,富阳
关于我的命运,编剧,冈田惠和
关于我的命运,主演,永作博美
关于我的命运,导演,泷本智行
关于我的命运,主演,江口洋介
夺魄勾魂,主演,谢君豪
夺魄勾魂,主演,小泽真珠
夺魄勾魂,导演,钟少雄
夺魄勾魂,主演,李灿森
夺魄勾魂,主演,陈自瑶
爱与狗同行,导演,陈安琪
复仇三部曲,导演,朴赞郁
碎道,作者,血舞残华
爱我你怕了吗,歌手,姜育恒
爱我你怕了吗,歌手,李翊君
撒贝宁,毕业院校,北京大学
今日说法,主持人,撒贝宁
撒贝宁,国籍,中国
撒贝宁,毕业院校,北京大学法学院
不在犯罪现场,主演,李宗霄
不在犯罪现场,主演,马跃
不在犯罪现场,主演,徐帆
不在犯罪现场,导演,朱翊
不在犯罪现场,制片人,杨震华
不在犯罪现场,主演,傅艺伟
鹎,目,雀形目
吴少云,毕业院校,皖南医学院
何雄林,民族,汉族
何雄林,出生日期,1968年2月
武林外传,主演,闫妮
武林外传,导演,尚敬
狮子的女儿,出品公司,台视
草蛉,目,脉翅目
苍昏千绝空,作者,子矜微暖
苍昏千绝空,连载网站,17K小说网
以父之名,所属专辑,叶惠美
刘奋熙,字,振翼
刘奋熙,出生日期,1857
刘奋熙,号,筱岩
毕连芳,毕业院校,南开大学
临时演员,出品公司,世纪影业有限公司
临时演员,主演,郑恺
临时演员,导演,钱江汉
临时演员,主演,热依扎
阿根欧珞,民族,彝族
简庭卫,出生日期,1968年6月
简庭卫,民族,汉族
黄刺尻鱼,目,鲈形目
刺盖鱼科,目,鲈形目
李宗伟,妻子,黄妙珠
黄妙珠,丈夫,李宗伟
释剑之江湖魂,作者,荼靡血宴
释剑之江湖魂,连载网站,晋江文学城
薛怀吉,父亲,薛真度
大冒险家,主演,刘德华
大冒险家,导演,林岭东
花花宇宙,歌手,陈慧琳
记事本,歌手,陈慧琳
王瑾,丈夫,刘国梁
刘国梁,妻子,王瑾
延禧攻略,主演,吴谨言
为爱之走向巅峰,作者,风雪无名
为爱之走向巅峰,连载网站,17K小说网
永远寂寞,歌手,刘德华
永远寂寞,所属专辑,答案就是你
同门兄弟,主演,白冰
同门兄弟,主演,任程伟
同门兄弟,主演,吴婷
同门兄弟,出品公司,大业传媒有限公司
同门兄弟,主演,杨烁
同门兄弟,导演,张惠中
常德市文化旅游投资开发集团有限公司,成立日期,2001年4月26日
My盛Lady,出品公司,香港电视广播有限公司
奥数启蒙/学前儿童数学练习,作者,朱晓棠
奥数启蒙/学前儿童数学练习,出版社,辽宁少儿出版社
一粒红尘,导演,宋洋
帅岳峰,出生地,江西安义
帅岳峰,出生日期,1945
法哲学原理,出版社,商务印书馆
法哲学原理,作者,黑格尔
小纹石斑鱼,目,鲈形目
小点石斑鱼,目,鲈形目
王济红,出生地,山东莱芜
德沃夏克e小调第九交响曲,出版社,湖南文艺出版社
德沃夏克e小调第九交响曲,作者,德沃夏克
千万别伤害,作者,格雷格·安德鲁·赫维茨
千万别伤害,出版社,译林出版社
Örlygsson Ormarr,国籍,冰岛
江上帖,作者,苏轼
世界未末日,作曲,周杰伦
世界未末日,作词,方文山
世界未末日,歌手,周杰伦
世界未末日,所属专辑,惊叹号
会不会,歌手,杨坤
过站不停,歌手,杨坤
灵异系统,作者,少蟀
灵异系统,连载网站,17K小说网
忠犬八公的故事,导演,莱塞·霍尔斯道姆
张魁炳,毕业院校,锦州商业学校商业会计专业
张魁炳,出生日期,1935年
张魁炳,出生地,辽宁省台安县
葛方敬,出生地,四川隆昌
葛方敬,毕业院校,哈尔滨工业大学
葛方敬,民族,汉族
葛方敬,出生日期,1972年12月
马哈曼·奥斯曼,出生日期,1950年1月20日
马哈曼·奥斯曼,国籍,尼日尔
三国演义,作者,罗贯中
三国演义,编剧,罗贯中
三国演义,主角,刘备
死了七次的男人,出版社,新星出版社
死了七次的男人,作者,西泽保彦
张默,母亲,罗秀春
国际市场,导演,尹济均
戴安娜王妃,丈夫,查尔斯王子
查尔斯王子,妻子,戴安娜王妃
梅祖彦,父亲,梅贻琦
梅祖彦,出生日期,1924
中国邮政,成立日期,2007年1月29日
改不了,所属专辑,破天荒
破天荒,歌手,张芸京
改不了,歌手,张芸京
小萝卜头,父亲,宋绮云
汪道诚,出生日期,1783年
汪道诚,字,勉旃
汪道诚,出生地,江西省乐平市乐港里汪
福建闽晟集团有限公司,成立日期,2009年3月31日
宜家,成立日期,1943年
宜家,成立日期,1943
失恋33天,作者,鲍鲸鲸
失恋33天,导演,滕华涛
闪了一下腰,作者,戴来
闪了一下腰,出版社,群众
枪屠天地,连载网站,起点网
枪屠天地,作者,大屋小港
游士兵,民族,汉族
游士兵,出生地,湖北省天门市
游士兵,出生日期,1964年4月
雪花那个飘,导演,安建
济南育才教育学校,简称,育才教育
济南育才教育学校,成立日期,2004年
上海德中建设集团有限公司,成立日期,2004年4月8日
宫锁连城,上映时间,2014年
宫锁连城,主演,袁姗姗
国有企业领导体制改革研究,出版社,广东教育出版社
国有企业领导体制改革研究,作者,吴鹏
毛泽东传,出版社,中国人民大学出版社
都市沉默高手,连载网站,网易云阅读
短枝黄金竹,目,禾本目
短枝沙勒竹,目,禾本目
卢志鸿,出生日期,1943年
张玉儒,民族,汉族
张玉儒,出生日期,1961年1月
己亥杂诗,作者,龚自珍
春泥,歌手,庾澄庆
你走的那一天我没有哭,所属专辑,真实的潘美辰
你走的那一天我没有哭,歌手,潘美辰
睡公主,所属专辑,为你好
为你好,歌手,陈慧娴
睡公主,歌手,陈慧娴
Jasper,母亲,应采儿
我的老婆是七仙女,作者,暗恋九年
我的老婆是七仙女,连载网站,起点中文网
郝龙斌,父亲,郝柏村
澳门保安部队高等学校,简称,保安高校
香水百合,所属专辑,潘朵拉
香水百合,作曲,李天龙
香水百合,歌手,张韶涵
香水百合,作词,李天龙
实用刺绣图案,作者,徐咏菊
实用刺绣图案,出版社,北京工艺美术出版社
杭州德意电器股份有限公司,成立日期,2011年11月15日
德意电器股份有限公司,成立日期,2011年11月15日
卷伞菌,目,伞菌目
冯轲,妻子,张靓颖
张靓颖,母亲,张桂英
张靓颖,丈夫,冯轲
鲁隐公,出生地,鲁
鲁隐公,国籍,鲁国
超时空要塞7,编剧,河森正治
陈为民,民族,汉族
陈为民,出生地,江苏南京
陈为民,国籍,中国
陈为民,出生日期,1957年10月
喜剧之王,主演,张柏芝
老九门,主演,陈伟霆
贾乃亮,妻子,李小璐
李小璐,丈夫,贾乃亮
芝加哥打字机,编剧,陈秀完
芝加哥打字机,主演,刘亚仁
芝加哥打字机,主演,林秀晶
王度龙,出生地,耕南乡
王度龙,出生日期,1919
狼少女与黑王子,主演,二阶堂富美
狼少女与黑王子,主演,山崎贤人
狼少女与黑王子,导演,广木隆一
马元安,国籍,中国
致我们终将逝去的青春,导演,赵薇
自拍,所属专辑,李荣浩
自拍,作词,李荣浩
自拍,作曲,李荣浩
自拍,歌手,李荣浩
塑造我的宝宝成长童话-道德·行为,出版社,内蒙古少年儿童出版社
王冬,国籍,中国
王冬,出生地,湖南株洲
王冬,民族,汉族
王冬,出生日期,1968年12月
李保明,国籍,中国
那日下午,所属专辑,如同悲伤被下载了两次
如同悲伤被下载了两次,歌手,陈珊妮
那日下午,歌手,陈珊妮
那日下午,作词,蔡明亮
那日下午,作曲,陈珊妮
害怕爱上你,作曲,周笛
害怕爱上你,作词,马溶
风吹麦浪,歌手,李健
黄书荣,出生日期,1963年4月
黄书荣,出生地,福建福清
黄书荣,毕业院校,中央党校
李琪,毕业院校,西南石油学院
消费领域环境税费,作者,张真
台湾的老齐堂,出版社,远足
隐脉杜鹃（原亚种）,目,杜鹃花目
林徽因,丈夫,梁思成
梁思成,妻子,林徽因
黎龙钺,父亲,黎桓
可惜没如果,歌手,林俊杰
船过水无痕,所属专辑,船过水无痕·醉袂停
船过水无痕,歌手,蔡秋凤
大风吹,歌手,梁咏琪
大风吹,所属专辑,短发
上海第一财经新媒体科技有限公司,成立日期,2015年5月4日
萧森安,出生日期,1948年7月
萧森安,出生地,湖北鄂州
南楼社区,面积,约1.2平方公里
南楼社区,人口数量,2027人
公务员计算机自学培训教程,出版社,四川科学技术出版社
孙德迎,毕业院校,厦门大学
我和你,歌手,常石磊
李湘,国籍,中国
城市给水排水,出版社,中国建筑
严若仙,毕业院校,浙江医科大学
杭州华辰植绒有限公司,总部地点,位于美丽的西子湖畔--杭州北郊
游泳先生,主演,胡兵
游泳先生,主演,张沙沙
游泳先生,导演,孟卫国
游泳先生,主演,严禹豪
游泳先生,主演,鞠婧祎
游泳先生,出品公司,北京世纪东耀文化传媒有限公司
游泳先生,主演,黄馨瑶
游泳先生,主演,Mike
微微一笑很倾城,出品公司,上海剧酷文化传播有限公司
微微一笑很倾城,作者,顾漫
西海情歌,歌手,刀郎
2002年的第一场雪,作曲,刀郎
手心里的温柔,歌手,刀郎
2002年的第一场雪,作词,刀郎
谢谢你,作曲,刀郎
披着羊皮的狼,歌手,刀郎
寻路,导演,张多福
三个摩登女性,主演,黎灼灼
如果你幸福,作曲,王羽泽
如果你幸福,歌手,郑源
郑源,国籍,中国
如果你幸福,作词,王羽泽
如果你幸福,所属专辑,入戏太深
贾宝玉,母亲,王夫人
只为你唱,作曲,林志炫
只为你唱,歌手,林志炫
只为你唱,作词,楼南蔚
光年之外,歌手,邓紫棋
光年之外,作词,邓紫棋
马甫忠,出生日期,1962年10月
马甫忠,民族,汉族
马甫忠,出生地,甘肃酒泉
何启明,祖籍,河南省安阳市
何启明,出生日期,1933年9月
田敬宣,出生地,中国
田敬宣,国籍,中国
土豪金,作曲,李秋泽
幻城,主演,马天宇
幻城,主演,麦迪娜
幻城,主演,金喜善
幻城,导演,邹集城
幻城,导演,鞠觉亮
幻城,主演,冯绍峰
幻城,主演,张萌
幻城,编剧,沈芷凝
幻城,主演,宋茜
幻城,主演,龚蓓
幻城,主演,张歆艺
幻城,主演,严屹宽
幻城,主演,徐娇
幻城,主演,李晟
凤翔异世,作者,语凤
凤翔异世,连载网站,潇湘书院
逃学威龙,主演,周星驰
精武英雄,主演,李连杰
逃学威龙,编剧,陈嘉上
勇士勇战,歌手,陈松伶
勇士勇战,所属专辑,松新开始
HP、猎人同人—黑色罗兰,连载网站,晋江文学城
猎人同人,连载网站,晋江文学城
HP、猎人同人—黑色罗兰,作者,虚妄の童话
锦绣文章,作者,高春明
锦绣文章,出版社,上海书画出版社
狮子鱼科,目,鲉形目
无棣县人民医院,成立日期,1950年
里约大冒险,编剧,唐·莱默尔
关凤,父亲,关羽
亲爱的,主演,黄渤
东之伊甸,编剧,神山健治
铂金色的幸福,连载网站,晋江文学城
铂金色的幸福,作者,顾妞妞
杭州人才网,总部地点,杭州市下城区东新路155号4楼
美国国家地理终极动物百科,出版社,接力出版社
爱情限量版,编剧,刘若英
爱情限量版,导演,刘若英
爱情限量版,主演,刘若英
象山记,作者,谢秧
象山记,连载网站,17k小说网
破晓后的杀戮,作者,等待戈多
破晓后的杀戮,连载网站,17k小说网
周桂莲,国籍,中国
周桂莲,民族,壮族
周桂莲,出生地,贵港市覃塘区
周桂莲,出生日期,1964年08月
广西南宁电子科技广场有限公司,成立日期,1999年02月12日
女侠养成记,作者,吴慕晨
女侠养成记,连载网站,纵横中文网
杨晴,出生地,上海
杨晴,出生日期,1976年5月5日
杨晴,毕业院校,北京师范大学
松赞干布,妻子,文成公主
文成公主,丈夫,松赞干布
千王之王,主演,汪明荃
谁能唤回变了的心,所属专辑,千王之王
谁能唤回变了的心,歌手,汪明荃
崔军,民族,朝鲜族
崔军,出生日期,1964年7月
崔军,出生地,吉林桦甸
崔军,毕业院校,吉林大学
康熙来了,嘉宾,范冰冰
黎达动物故事精选,出版社,山东文艺出版社
寂寞保龄球,所属专辑,牵手
舞梦天女,出版社,禾马
降温,所属专辑,苏格拉没有底
降温,歌手,许嵩
醒来的时候,所属专辑,伤心歌手
醒来的时候,歌手,庾澄庆
黑镜第三季,出品公司,Netflix
解密,主演,颖儿
解密,主演,经超
解密,主演,陈学冬
卡夫卡全集（全九卷）,作者,叶廷芳
卡夫卡全集（全九卷）,出版社,河北教育出版社
青岛嘉衡电子商务有限公司,成立日期,2014年07月07日
那霸海上保安部,成立日期,2013年5月16日
襄阳福归堂典当有限公司,成立日期,2003年7月15日
郑元宁,出生地,重庆市
郑元宁,民族,汉族
雾非雾,编剧,周煜
雾非雾,导演,小岛
长尾凤蝶,目,鳞翅目
卷蛾,目,鳞翅目
同心难改,导演,谢米姆·萨尔弗
同心难改,上映时间,2008年11月
斑环猛猎蝽,目,半翅目
成人初学者,上映时间,2015年3月15日
成人初学者,导演,罗斯·卡兹
崔玉新,民族,汉族
崔玉新,出生地,河南南阳
崔玉新,出生日期,1960年1月
袁克文,父亲,袁世凯
银说话,出版社,新世界出版社
王明,妻子,孟庆树
孟庆树,丈夫,王明
心理治疗的创造性突破,作者,乔恩·卡尔森
心理治疗的创造性突破,作者,杰弗里·科特勒
心理治疗的创造性突破,出版社,机械工业出版社
小肥羊,成立日期,1999
张洪吉,国籍,中国
经销商营销新思维,出版社,中国经济出版社
幸运星,编剧,待田堂子
关麟征,毕业院校,黄埔军校
猫耳娘的诱惑,连载网站,晋江文学城
猫耳娘的诱惑,作者,墨色纤灯
杨君,出生地,四川省绵阳市三台县
杨君,出生日期,1968年4月
杨君,民族,汉族
戊戌变法文献资料系日,出版社,上海书店
哈姆雷特,编剧,莎士比亚
观堂集林（附别集）（全二卷）,作者,王国维
观堂集林（附别集）（全二卷）,出版社,中华书局
利益与代价,主演,李雪健
利益与代价,上映时间,2006
利益与代价,主演,尤勇
利益与代价,导演,巴特尔
利益与代价,导演,蒙克·巴特尔
三国志集解,出版社,中华书局
三国志集解,作者,卢弼
健力宝,总部地点,佛山市三水区
倪红玲,出生日期,1970年9月
孙凤亭,民族,汉族
孙凤亭,出生日期,1967年10月
孙凤亭,出生地,天津市宁河县
齐光礼,出生日期,1880
齐光礼,出生地,广饶县东齐村
被偷走的女儿,出版社,中国华侨出版社
被偷走的女儿,作者,苏菲·汉娜
郭建梅,丈夫,刘震云
刘震云,妻子,郭建梅
末世异形,作者,于骅
末世异形,连载网站,起点中文网
应召名册,主演,余莎莉
应召名册,主演,李修贤
应召名册,主演,刘雅英
应召名册,导演,程刚
应召名册,主演,陈萍
苦乐村官,主演,孙嘉璐
苦乐村官,主演,钱泳辰
苦乐村官,出品公司,上海保奇影视文化发展股份有限公司
杨苏辉,民族,汉族
101变,歌手,刚泽斌
王本宇,民族,汉族
王本宇,出生日期,1962年7月
金宝莱衣柜,成立日期,1997年
逍遥谷四弟子续第一章,连载网站,17k小说网
逍遥谷四弟子续第一章,作者,封御逸溟分身
建信人寿,总部地点,上海
曹郁,妻子,姚晨
姚晨,丈夫,曹郁
倩女幽魂,上映时间,1987年
卢正已,字,子宽
卢正已,出生日期,692
催眠师手记,作者,高铭
索朗扎西,民族,藏
幸福香巴拉,歌手,索朗扎西
索朗扎西,民族,藏族
中心渔港,占地面积,10平方公里
草鱼,目,鲤形目
鲫鱼,目,鲤形目
亚洲鲤鱼,目,鲤形目
鲢鱼,目,鲤形目
青鱼,目,鲤形目
双截棍,歌手,周杰伦
有种你爱我,歌手,王麟
英美报刊选读,作者,王若维
英美报刊选读,出版社,华中科技大学出版社
伍勇,出生地,湖南省衡阳市
伍勇,毕业院校,西安交通大学管理学院
伍勇,出生日期,1980年
李曙华,民族,汉族
李曙华,出生地,湖南冷水江市
李曙华,出生日期,1953年1月
星辰变续（上中下）,出版社,太白文艺出版社
星辰变续（上中下）,作者,我吃西红柿
杨陵华,毕业院校,川北医学院
李嫣,母亲,王菲
一段情,作曲,黄瑞丰
一段情,所属专辑,思念无药医
生命向前,作者,[美]迈克尔海厄特
生命向前,出版社,北京联合出版公司
生命向前,作者,[美]丹尼尔哈卡维
孤芳不自赏,主演,杨颖
红冠蓝鸠,目,鸽形目
疯狂的石头,主演,黄渤
疯狂的石头,导演,宁浩
李成,毕业院校,中国科学技术大学
武冈市林业局,成立日期,1956年6月
崔顺实,父亲,崔太敏
崔太敏,出生日期,1912年
刘弗陵,母亲,钩弋夫人
宋妙心,出生地,江苏启东
宋妙心,毕业院校,成都工程学院
宋妙心,出生日期,1946年12月
月影风荷,主演,刘诗诗
刘诗诗,毕业院校,北京舞蹈学院
外来媳妇本地郎,主演,李俊毅
天庥日记,歌手,李俊毅
天庥日记,歌手,天庥
徐熙娣,出生日期,1978年
徐熙娣,出生地,台湾省台北市
徐熙娣,毕业院校,华冈艺校戏剧科
徐熙娣,出生日期,1978年6月14日
徐熙娣,祖籍,山东省临沂市郯城县
吉林省行政科学研究所,成立日期,1990年10月
爸爸回来了,嘉宾,吴尊
爸爸回来了,嘉宾,贾乃亮
爸爸回来了,嘉宾,王中磊
上海明鼎投资发展有限公司,成立日期,2011年2月23日
云南卵叶报春,目,杜鹃花目
黄昏,歌手,周传雄
快乐大本营,主持人,吴昕
普高新课标实验教科书同步辅导与训练,作者,李晓东
江苏开元股份有限公司,成立日期,1973年
花千骨,主演,张丹峰
大连桥梁起重设备有限公司,成立日期,2001年08月15日
舞台上的演出,连载网站,起点中文网
舞台上的演出,作者,真挚话语
修真屌丝把妹记,连载网站,17K小说网
修真屌丝把妹记,作者,千年不古
张雯洁,毕业院校,同济大学
阿里巴巴集团,创始人,马云
神探博博之陶罐子,作者,吕文博
神探博博之陶罐子,连载网站,17K小说网
男人四十要出嫁,主演,宋小宝
乡村爱情故事,主演,赵本山
樱桃,主演,宋小宝
第22条婚规,主演,宋小宝
范豪特,出生地,荷兰
范豪特,出生日期,1977年1月10日
光明剑魂,作者,尼库鲁
神所眷顾之人,作者,羽毛冰块
神所眷顾之人,连载网站,起点网
马自强,字,体乾
马自强,出生日期,1513
马自强,出生地,陕西同州
马自强,号,乾庵
伪装者,主演,刘敏涛
信靠,歌手,巫启贤
信靠,所属专辑,你爱永不变
你爱永不变,歌手,巫启贤
斗快,歌手,胡鸿钧
叶锋,毕业院校,西安交通大学
叶锋,国籍,中国
耶德热伊茨克,国籍,波兰
穆怀明,祖籍,北京
穆怀明,出生日期,1944年
宜昌市明师教育咨询有限公司,成立日期,2010年06月24日
解秉洲,民族,汉族
解秉洲,出生日期,1926年5月6日
解秉洲,出生地,山东省荣成市
醉拳,主演,成龙
陈友儒,字,东陵
陈友儒,出生地,印江峨岭镇甲山村
陈友儒,出生日期,1544年
敬酒歌,作词,李江平
敬酒歌,歌手,阿鲁阿卓
敬酒歌,作曲,李江平
敬酒歌,所属专辑,遇上你是我的缘
四川永祥股份有限公司,成立日期,2002年11月
